Starting ablation study...

========== HARDWARE CHECK ==========
PyTorch version: 2.5.1+cu121
CUDA available: True
GPU detected: Tesla V100-PCIE-32GB
====================================


########## BASELINE: zero-shot ##########
[zero_shot] evaluating on 200 examples...
  25/200
  50/200
  75/200
  100/200
  125/200
  150/200
  175/200
  200/200
[zero_shot] ROUGE-1=0.3732 ROUGE-2=0.0918 ROUGE-L=0.2135 mean_len=141.1

########## BASELINE: tf-idf ##########
[tfidf] evaluating on 200 examples...
  25/200
  50/200
  75/200
  100/200
  125/200
  150/200
  175/200
  200/200
[tfidf] ROUGE-1=0.3871 ROUGE-2=0.1000 ROUGE-L=0.2382 mean_len=104.8

========== TRAIN rank=4 ==========
Train: 45000  Val: 2500
--- loading model and tokenizer ---
trainable params: 460,800 || all params: 2,506,633,216 || trainable%: 0.0184
--- starting training (rank=4) ---
{'loss': 3.723, 'grad_norm': 2.0101640224456787, 'learning_rate': 0.00019999930658041193, 'epoch': 0.0}
{'loss': 3.0301, 'grad_norm': 1.6423956155776978, 'learning_rate': 0.0001999972263312643, 'epoch': 0.01}
{'loss': 2.5829, 'grad_norm': 1.4331064224243164, 'learning_rate': 0.0001999937592814068, 'epoch': 0.01}
{'loss': 2.2378, 'grad_norm': 0.8975456953048706, 'learning_rate': 0.00019998890547892186, 'epoch': 0.01}
{'loss': 2.0943, 'grad_norm': 0.792117714881897, 'learning_rate': 0.00019998266499112396, 'epoch': 0.02}
{'loss': 1.9276, 'grad_norm': 0.8003889322280884, 'learning_rate': 0.00019997503790455853, 'epoch': 0.02}
{'loss': 1.86, 'grad_norm': 0.7766114473342896, 'learning_rate': 0.0001999660243250011, 'epoch': 0.02}
{'loss': 1.8455, 'grad_norm': 0.8774181008338928, 'learning_rate': 0.00019995562437745542, 'epoch': 0.03}
{'loss': 1.781, 'grad_norm': 0.8196560740470886, 'learning_rate': 0.00019994383820615212, 'epoch': 0.03}
{'loss': 1.7792, 'grad_norm': 0.8500582575798035, 'learning_rate': 0.0001999306659745464, 'epoch': 0.04}
{'loss': 1.7692, 'grad_norm': 0.832647442817688, 'learning_rate': 0.00019991610786531595, 'epoch': 0.04}
{'loss': 1.7263, 'grad_norm': 0.7299363613128662, 'learning_rate': 0.0001999001640803583, 'epoch': 0.04}
{'loss': 1.6969, 'grad_norm': 0.7505354285240173, 'learning_rate': 0.00019988283484078813, 'epoch': 0.05}
{'loss': 1.6513, 'grad_norm': 1.0316756963729858, 'learning_rate': 0.00019986412038693413, 'epoch': 0.05}
{'loss': 1.628, 'grad_norm': 0.7512576580047607, 'learning_rate': 0.00019984402097833565, 'epoch': 0.05}
{'loss': 1.6578, 'grad_norm': 0.8664234280586243, 'learning_rate': 0.0001998225368937392, 'epoch': 0.06}
{'loss': 1.6476, 'grad_norm': 0.6877462267875671, 'learning_rate': 0.00019979966843109445, 'epoch': 0.06}
{'loss': 1.6556, 'grad_norm': 0.936933159828186, 'learning_rate': 0.00019977541590755023, 'epoch': 0.06}
{'loss': 1.6296, 'grad_norm': 0.802736759185791, 'learning_rate': 0.00019974977965945, 'epoch': 0.07}
{'loss': 1.6404, 'grad_norm': 0.8656222820281982, 'learning_rate': 0.00019972276004232728, 'epoch': 0.07}
{'loss': 1.5908, 'grad_norm': 0.9844338297843933, 'learning_rate': 0.00019969435743090076, 'epoch': 0.07}
{'loss': 1.6046, 'grad_norm': 0.819295346736908, 'learning_rate': 0.00019966457221906895, 'epoch': 0.08}
{'loss': 1.6206, 'grad_norm': 0.9115614295005798, 'learning_rate': 0.0001996334048199049, 'epoch': 0.08}
{'loss': 1.5961, 'grad_norm': 0.8734592795372009, 'learning_rate': 0.00019960085566565018, 'epoch': 0.09}
{'loss': 1.5868, 'grad_norm': 1.0031296014785767, 'learning_rate': 0.0001995669252077093, 'epoch': 0.09}
{'loss': 1.5788, 'grad_norm': 0.8577091097831726, 'learning_rate': 0.00019953161391664316, 'epoch': 0.09}
{'loss': 1.5714, 'grad_norm': 0.9492155909538269, 'learning_rate': 0.00019949492228216254, 'epoch': 0.1}
{'loss': 1.6243, 'grad_norm': 1.0123505592346191, 'learning_rate': 0.0001994568508131214, 'epoch': 0.1}
{'loss': 1.5972, 'grad_norm': 0.933803141117096, 'learning_rate': 0.00019941740003750984, 'epoch': 0.1}
{'loss': 1.5699, 'grad_norm': 0.8167229294776917, 'learning_rate': 0.0001993765705024466, 'epoch': 0.11}
{'loss': 1.5589, 'grad_norm': 1.0381028652191162, 'learning_rate': 0.0001993343627741717, 'epoch': 0.11}
{'loss': 1.5326, 'grad_norm': 0.9442398548126221, 'learning_rate': 0.00019929077743803845, 'epoch': 0.11}
{'loss': 1.5792, 'grad_norm': 1.0118554830551147, 'learning_rate': 0.00019924581509850534, 'epoch': 0.12}
{'loss': 1.5341, 'grad_norm': 1.0275269746780396, 'learning_rate': 0.0001991994763791278, 'epoch': 0.12}
{'loss': 1.5366, 'grad_norm': 0.9982919096946716, 'learning_rate': 0.00019915176192254923, 'epoch': 0.12}
{'loss': 1.5511, 'grad_norm': 0.8729726076126099, 'learning_rate': 0.00019910267239049245, 'epoch': 0.13}
{'loss': 1.5171, 'grad_norm': 0.9523892998695374, 'learning_rate': 0.00019905220846375032, 'epoch': 0.13}
{'loss': 1.5381, 'grad_norm': 0.9221165776252747, 'learning_rate': 0.00019900037084217637, 'epoch': 0.14}
{'loss': 1.4724, 'grad_norm': 1.0631117820739746, 'learning_rate': 0.00019894716024467502, 'epoch': 0.14}
{'loss': 1.5329, 'grad_norm': 1.0130583047866821, 'learning_rate': 0.00019889257740919174, 'epoch': 0.14}
{'loss': 1.5557, 'grad_norm': 1.0208697319030762, 'learning_rate': 0.00019883662309270257, 'epoch': 0.15}
{'loss': 1.5358, 'grad_norm': 1.08937668800354, 'learning_rate': 0.00019877929807120398, 'epoch': 0.15}
{'loss': 1.5115, 'grad_norm': 0.9676945805549622, 'learning_rate': 0.00019872060313970175, 'epoch': 0.15}
{'loss': 1.5477, 'grad_norm': 0.901569128036499, 'learning_rate': 0.00019866053911220027, 'epoch': 0.16}
{'loss': 1.5201, 'grad_norm': 1.0181396007537842, 'learning_rate': 0.00019859910682169094, 'epoch': 0.16}
{'loss': 1.4932, 'grad_norm': 0.8996960520744324, 'learning_rate': 0.00019853630712014087, 'epoch': 0.16}
{'loss': 1.507, 'grad_norm': 0.9710598587989807, 'learning_rate': 0.00019847214087848088, 'epoch': 0.17}
{'loss': 1.5246, 'grad_norm': 0.9786288142204285, 'learning_rate': 0.0001984066089865936, 'epoch': 0.17}
{'loss': 1.5006, 'grad_norm': 0.8695771098136902, 'learning_rate': 0.00019833971235330093, 'epoch': 0.17}
{'loss': 1.5136, 'grad_norm': 1.052778720855713, 'learning_rate': 0.00019827145190635164, 'epoch': 0.18}
{'loss': 1.5202, 'grad_norm': 0.977030873298645, 'learning_rate': 0.0001982018285924083, 'epoch': 0.18}
{'loss': 1.4885, 'grad_norm': 0.865322470664978, 'learning_rate': 0.0001981308433770343, 'epoch': 0.18}
{'loss': 1.5169, 'grad_norm': 0.9824202060699463, 'learning_rate': 0.0001980584972446805, 'epoch': 0.19}
{'loss': 1.5192, 'grad_norm': 0.9076166749000549, 'learning_rate': 0.00019798479119867134, 'epoch': 0.19}
{'loss': 1.505, 'grad_norm': 1.1262247562408447, 'learning_rate': 0.0001979097262611911, 'epoch': 0.2}
{'loss': 1.5213, 'grad_norm': 1.121091365814209, 'learning_rate': 0.00019783330347326983, 'epoch': 0.2}
{'loss': 1.5398, 'grad_norm': 0.9845525622367859, 'learning_rate': 0.00019775552389476864, 'epoch': 0.2}
{'loss': 1.5415, 'grad_norm': 0.9838849902153015, 'learning_rate': 0.0001976763886043652, 'epoch': 0.21}
{'loss': 1.523, 'grad_norm': 0.872182309627533, 'learning_rate': 0.0001975958986995387, 'epoch': 0.21}
{'loss': 1.494, 'grad_norm': 0.9364292025566101, 'learning_rate': 0.00019751405529655475, 'epoch': 0.21}
{'loss': 1.5059, 'grad_norm': 0.9262639880180359, 'learning_rate': 0.00019743085953044968, 'epoch': 0.22}
{'loss': 1.5094, 'grad_norm': 0.9799854755401611, 'learning_rate': 0.00019734631255501493, 'epoch': 0.22}
{'loss': 1.4805, 'grad_norm': 0.9592852592468262, 'learning_rate': 0.0001972604155427811, 'epoch': 0.22}
{'loss': 1.5221, 'grad_norm': 0.9110207557678223, 'learning_rate': 0.00019717316968500165, 'epoch': 0.23}
{'loss': 1.5465, 'grad_norm': 0.861623227596283, 'learning_rate': 0.00019708457619163627, 'epoch': 0.23}
{'loss': 1.5101, 'grad_norm': 1.01961350440979, 'learning_rate': 0.00019699463629133424, 'epoch': 0.23}
{'loss': 1.5167, 'grad_norm': 0.8645059466362, 'learning_rate': 0.00019690335123141736, 'epoch': 0.24}
{'loss': 1.4748, 'grad_norm': 0.89777672290802, 'learning_rate': 0.00019681072227786258, 'epoch': 0.24}
{'loss': 1.4825, 'grad_norm': 1.1510467529296875, 'learning_rate': 0.0001967167507152845, 'epoch': 0.25}
{'loss': 1.4843, 'grad_norm': 0.895993173122406, 'learning_rate': 0.0001966214378469176, 'epoch': 0.25}
{'loss': 1.4665, 'grad_norm': 1.2076003551483154, 'learning_rate': 0.000196524784994598, 'epoch': 0.25}
{'loss': 1.4444, 'grad_norm': 0.9286185503005981, 'learning_rate': 0.00019642679349874548, 'epoch': 0.26}
{'loss': 1.4762, 'grad_norm': 0.998249888420105, 'learning_rate': 0.0001963274647183443, 'epoch': 0.26}
{'loss': 1.4876, 'grad_norm': 0.929423987865448, 'learning_rate': 0.00019622680003092503, 'epoch': 0.26}
{'loss': 1.4456, 'grad_norm': 0.9014114141464233, 'learning_rate': 0.000196124800832545, 'epoch': 0.27}
{'loss': 1.4557, 'grad_norm': 1.0615421533584595, 'learning_rate': 0.00019602146853776894, 'epoch': 0.27}
{'loss': 1.4912, 'grad_norm': 1.002089500427246, 'learning_rate': 0.0001959168045796497, 'epoch': 0.27}
{'loss': 1.4668, 'grad_norm': 0.9290596842765808, 'learning_rate': 0.00019581081040970805, 'epoch': 0.28}
{'loss': 1.49, 'grad_norm': 0.9569252133369446, 'learning_rate': 0.0001957034874979126, 'epoch': 0.28}
{'loss': 1.5159, 'grad_norm': 0.9810724854469299, 'learning_rate': 0.00019559483733265953, 'epoch': 0.28}
{'loss': 1.5078, 'grad_norm': 0.9977084398269653, 'learning_rate': 0.00019548486142075198, 'epoch': 0.29}
{'loss': 1.5156, 'grad_norm': 1.0154966115951538, 'learning_rate': 0.00019537356128737895, 'epoch': 0.29}
{'loss': 1.4386, 'grad_norm': 0.9948865175247192, 'learning_rate': 0.00019526093847609425, 'epoch': 0.3}
{'loss': 1.4788, 'grad_norm': 0.9681351184844971, 'learning_rate': 0.00019514699454879517, 'epoch': 0.3}
{'loss': 1.4428, 'grad_norm': 1.0898076295852661, 'learning_rate': 0.00019503173108570074, 'epoch': 0.3}
{'loss': 1.4508, 'grad_norm': 0.9069873690605164, 'learning_rate': 0.00019491514968532985, 'epoch': 0.31}
{'loss': 1.5204, 'grad_norm': 1.031016230583191, 'learning_rate': 0.00019479725196447898, 'epoch': 0.31}
{'loss': 1.4435, 'grad_norm': 1.0581823587417603, 'learning_rate': 0.00019467803955819995, 'epoch': 0.31}
{'loss': 1.4521, 'grad_norm': 0.9260483384132385, 'learning_rate': 0.00019455751411977707, 'epoch': 0.32}
{'loss': 1.4619, 'grad_norm': 1.0076665878295898, 'learning_rate': 0.00019443567732070437, 'epoch': 0.32}
{'loss': 1.4711, 'grad_norm': 0.9951322078704834, 'learning_rate': 0.00019431253085066232, 'epoch': 0.32}
{'loss': 1.4978, 'grad_norm': 0.8960368633270264, 'learning_rate': 0.0001941880764174944, 'epoch': 0.33}
{'loss': 1.4467, 'grad_norm': 1.0064280033111572, 'learning_rate': 0.00019406231574718344, 'epoch': 0.33}
{'loss': 1.4541, 'grad_norm': 0.927448570728302, 'learning_rate': 0.0001939352505838277, 'epoch': 0.33}
{'loss': 1.485, 'grad_norm': 1.0093188285827637, 'learning_rate': 0.0001938068826896166, 'epoch': 0.34}
{'loss': 1.4643, 'grad_norm': 0.8962757587432861, 'learning_rate': 0.00019367721384480643, 'epoch': 0.34}
{'loss': 1.4268, 'grad_norm': 1.0772916078567505, 'learning_rate': 0.0001935462458476955, 'epoch': 0.34}
{'loss': 1.4492, 'grad_norm': 0.9568539261817932, 'learning_rate': 0.00019341398051459934, 'epoch': 0.35}
{'loss': 1.468, 'grad_norm': 0.9788506627082825, 'learning_rate': 0.00019328041967982536, 'epoch': 0.35}
{'loss': 1.5228, 'grad_norm': 0.9153462648391724, 'learning_rate': 0.00019314556519564756, 'epoch': 0.36}
{'loss': 1.4495, 'grad_norm': 0.9970808029174805, 'learning_rate': 0.00019300941893228083, 'epoch': 0.36}
{'loss': 1.4938, 'grad_norm': 0.9205673336982727, 'learning_rate': 0.00019287198277785473, 'epoch': 0.36}
{'loss': 1.4842, 'grad_norm': 0.911127507686615, 'learning_rate': 0.00019273325863838783, 'epoch': 0.37}
{'loss': 1.4775, 'grad_norm': 0.9582380652427673, 'learning_rate': 0.00019259324843776078, 'epoch': 0.37}
{'loss': 1.4564, 'grad_norm': 1.0055809020996094, 'learning_rate': 0.00019245195411768992, 'epoch': 0.37}
{'loss': 1.4678, 'grad_norm': 0.9002882838249207, 'learning_rate': 0.0001923093776377002, 'epoch': 0.38}
{'loss': 1.4382, 'grad_norm': 1.0195084810256958, 'learning_rate': 0.00019216552097509816, 'epoch': 0.38}
{'loss': 1.4727, 'grad_norm': 0.9735002517700195, 'learning_rate': 0.0001920203861249443, 'epoch': 0.38}
{'loss': 1.4455, 'grad_norm': 0.9303762912750244, 'learning_rate': 0.00019187397510002558, 'epoch': 0.39}
{'loss': 1.4889, 'grad_norm': 0.9791887402534485, 'learning_rate': 0.00019172628993082747, 'epoch': 0.39}
{'loss': 1.4862, 'grad_norm': 0.9408040046691895, 'learning_rate': 0.00019157733266550575, 'epoch': 0.39}
{'loss': 1.4394, 'grad_norm': 0.9385868310928345, 'learning_rate': 0.00019142710536985814, 'epoch': 0.4}
{'loss': 1.4543, 'grad_norm': 0.9884158968925476, 'learning_rate': 0.0001912756101272956, 'epoch': 0.4}
{'loss': 1.4247, 'grad_norm': 0.9887005090713501, 'learning_rate': 0.0001911228490388136, 'epoch': 0.41}
{'loss': 1.4501, 'grad_norm': 0.9747694730758667, 'learning_rate': 0.00019096882422296263, 'epoch': 0.41}
{'loss': 1.4967, 'grad_norm': 0.964413583278656, 'learning_rate': 0.00019081353781581924, 'epoch': 0.41}
{'loss': 1.5056, 'grad_norm': 0.9256342053413391, 'learning_rate': 0.00019065699197095615, 'epoch': 0.42}
{'loss': 1.4733, 'grad_norm': 0.8904581069946289, 'learning_rate': 0.00019049918885941246, 'epoch': 0.42}
{'loss': 1.4406, 'grad_norm': 0.9507745504379272, 'learning_rate': 0.0001903401306696636, 'epoch': 0.42}
{'loss': 1.438, 'grad_norm': 0.9023032188415527, 'learning_rate': 0.00019017981960759074, 'epoch': 0.43}
{'loss': 1.4302, 'grad_norm': 0.9431846737861633, 'learning_rate': 0.00019001825789645064, 'epoch': 0.43}
{'loss': 1.4493, 'grad_norm': 1.0122994184494019, 'learning_rate': 0.00018985544777684428, 'epoch': 0.43}
{'loss': 1.4753, 'grad_norm': 0.909693717956543, 'learning_rate': 0.00018969139150668625, 'epoch': 0.44}
{'loss': 1.4816, 'grad_norm': 1.00789213180542, 'learning_rate': 0.00018952609136117313, 'epoch': 0.44}
{'loss': 1.4245, 'grad_norm': 1.0243923664093018, 'learning_rate': 0.00018935954963275213, 'epoch': 0.44}
{'loss': 1.4841, 'grad_norm': 0.9145891070365906, 'learning_rate': 0.00018919176863108915, 'epoch': 0.45}
{'loss': 1.4853, 'grad_norm': 1.0254273414611816, 'learning_rate': 0.00018902275068303693, 'epoch': 0.45}
{'loss': 1.4209, 'grad_norm': 0.8912494778633118, 'learning_rate': 0.00018885249813260248, 'epoch': 0.46}
{'loss': 1.4493, 'grad_norm': 0.8753816485404968, 'learning_rate': 0.00018868101334091494, 'epoch': 0.46}
{'loss': 1.4513, 'grad_norm': 0.8408359885215759, 'learning_rate': 0.00018850829868619258, 'epoch': 0.46}
{'loss': 1.4651, 'grad_norm': 0.9003082513809204, 'learning_rate': 0.00018833435656370986, 'epoch': 0.47}
{'loss': 1.474, 'grad_norm': 0.8847370743751526, 'learning_rate': 0.00018815918938576429, 'epoch': 0.47}
{'loss': 1.4605, 'grad_norm': 0.9155662655830383, 'learning_rate': 0.00018798279958164295, 'epoch': 0.47}
{'loss': 1.4655, 'grad_norm': 0.8467757105827332, 'learning_rate': 0.0001878051895975887, 'epoch': 0.48}
{'loss': 1.4815, 'grad_norm': 0.8395159244537354, 'learning_rate': 0.00018762636189676642, 'epoch': 0.48}
{'loss': 1.4185, 'grad_norm': 1.0074141025543213, 'learning_rate': 0.00018744631895922868, 'epoch': 0.48}
{'loss': 1.4273, 'grad_norm': 0.9527290463447571, 'learning_rate': 0.00018726506328188152, 'epoch': 0.49}
{'loss': 1.4481, 'grad_norm': 1.1642073392868042, 'learning_rate': 0.00018708259737844964, 'epoch': 0.49}
{'loss': 1.3941, 'grad_norm': 0.9347398281097412, 'learning_rate': 0.00018689892377944168, 'epoch': 0.49}
{'loss': 1.4441, 'grad_norm': 0.8696056008338928, 'learning_rate': 0.00018671404503211512, 'epoch': 0.5}
{'loss': 1.4831, 'grad_norm': 0.8691497445106506, 'learning_rate': 0.00018652796370044076, 'epoch': 0.5}
{'loss': 1.4518, 'grad_norm': 0.8976374268531799, 'learning_rate': 0.00018634068236506748, 'epoch': 0.5}
{'loss': 1.3899, 'grad_norm': 0.928375244140625, 'learning_rate': 0.0001861522036232862, 'epoch': 0.51}
{'loss': 1.4198, 'grad_norm': 1.0125916004180908, 'learning_rate': 0.00018596253008899393, 'epoch': 0.51}
{'loss': 1.4245, 'grad_norm': 0.920305609703064, 'learning_rate': 0.00018577166439265756, 'epoch': 0.52}
{'loss': 1.4454, 'grad_norm': 0.9054811000823975, 'learning_rate': 0.00018557960918127734, 'epoch': 0.52}
{'loss': 1.4737, 'grad_norm': 1.0837457180023193, 'learning_rate': 0.00018538636711835018, 'epoch': 0.52}
{'loss': 1.4386, 'grad_norm': 1.1197913885116577, 'learning_rate': 0.00018519194088383273, 'epoch': 0.53}
{'loss': 1.4216, 'grad_norm': 1.0298036336898804, 'learning_rate': 0.00018499633317410413, 'epoch': 0.53}
{'loss': 1.4162, 'grad_norm': 0.8808284997940063, 'learning_rate': 0.0001847995467019288, 'epoch': 0.53}
{'loss': 1.3937, 'grad_norm': 0.921746015548706, 'learning_rate': 0.00018460158419641857, 'epoch': 0.54}
{'loss': 1.4778, 'grad_norm': 0.8659684658050537, 'learning_rate': 0.00018440244840299506, 'epoch': 0.54}
{'loss': 1.3929, 'grad_norm': 0.9054150581359863, 'learning_rate': 0.00018420214208335141, 'epoch': 0.54}
{'loss': 1.4513, 'grad_norm': 0.9559078216552734, 'learning_rate': 0.00018400066801541423, 'epoch': 0.55}
{'loss': 1.4358, 'grad_norm': 0.9273927211761475, 'learning_rate': 0.00018379802899330474, 'epoch': 0.55}
{'loss': 1.4357, 'grad_norm': 0.9148839712142944, 'learning_rate': 0.00018359422782730032, 'epoch': 0.55}
{'loss': 1.4342, 'grad_norm': 1.1241482496261597, 'learning_rate': 0.00018338926734379535, 'epoch': 0.56}
{'loss': 1.4038, 'grad_norm': 1.0840812921524048, 'learning_rate': 0.00018318315038526217, 'epoch': 0.56}
{'loss': 1.4473, 'grad_norm': 0.9257152080535889, 'learning_rate': 0.00018297587981021144, 'epoch': 0.57}
{'loss': 1.4512, 'grad_norm': 0.9879330992698669, 'learning_rate': 0.00018276745849315275, 'epoch': 0.57}
{'loss': 1.4446, 'grad_norm': 0.9193676710128784, 'learning_rate': 0.00018255788932455458, 'epoch': 0.57}
{'loss': 1.4362, 'grad_norm': 0.9186450839042664, 'learning_rate': 0.0001823471752108042, 'epoch': 0.58}
{'loss': 1.4593, 'grad_norm': 1.026792287826538, 'learning_rate': 0.00018213531907416752, 'epoch': 0.58}
{'loss': 1.4264, 'grad_norm': 1.0401686429977417, 'learning_rate': 0.0001819223238527485, 'epoch': 0.58}
{'loss': 1.4164, 'grad_norm': 0.979138970375061, 'learning_rate': 0.00018170819250044821, 'epoch': 0.59}
{'loss': 1.4379, 'grad_norm': 0.9313125610351562, 'learning_rate': 0.00018149292798692423, 'epoch': 0.59}
{'loss': 1.3967, 'grad_norm': 1.1133407354354858, 'learning_rate': 0.00018127653329754907, 'epoch': 0.59}
{'loss': 1.4125, 'grad_norm': 0.9794725179672241, 'learning_rate': 0.00018105901143336913, 'epoch': 0.6}
{'loss': 1.4488, 'grad_norm': 0.9035915732383728, 'learning_rate': 0.00018084036541106283, 'epoch': 0.6}
{'loss': 1.3847, 'grad_norm': 0.9823096990585327, 'learning_rate': 0.00018062059826289884, 'epoch': 0.6}
{'loss': 1.4483, 'grad_norm': 0.8771010041236877, 'learning_rate': 0.00018039971303669407, 'epoch': 0.61}
{'loss': 1.4369, 'grad_norm': 0.964257001876831, 'learning_rate': 0.0001801777127957714, 'epoch': 0.61}
{'loss': 1.4508, 'grad_norm': 0.8580061793327332, 'learning_rate': 0.0001799546006189171, 'epoch': 0.62}
{'loss': 1.4207, 'grad_norm': 0.9273388981819153, 'learning_rate': 0.00017973037960033824, 'epoch': 0.62}
{'loss': 1.3966, 'grad_norm': 0.9043108820915222, 'learning_rate': 0.00017950505284961983, 'epoch': 0.62}
{'loss': 1.4591, 'grad_norm': 0.9456324577331543, 'learning_rate': 0.00017927862349168143, 'epoch': 0.63}
{'loss': 1.4476, 'grad_norm': 1.0430985689163208, 'learning_rate': 0.00017905109466673412, 'epoch': 0.63}
{'loss': 1.4301, 'grad_norm': 1.0688012838363647, 'learning_rate': 0.0001788224695302368, 'epoch': 0.63}
{'loss': 1.3989, 'grad_norm': 0.9971390962600708, 'learning_rate': 0.0001785927512528524, 'epoch': 0.64}
{'loss': 1.4324, 'grad_norm': 0.941097617149353, 'learning_rate': 0.000178361943020404, 'epoch': 0.64}
{'loss': 1.3931, 'grad_norm': 1.0689640045166016, 'learning_rate': 0.0001781300480338306, 'epoch': 0.64}
{'loss': 1.4582, 'grad_norm': 1.0856153964996338, 'learning_rate': 0.00017789706950914269, 'epoch': 0.65}
{'loss': 1.4177, 'grad_norm': 0.8900900483131409, 'learning_rate': 0.00017766301067737773, 'epoch': 0.65}
{'loss': 1.4386, 'grad_norm': 1.0276390314102173, 'learning_rate': 0.00017742787478455528, 'epoch': 0.65}
{'loss': 1.474, 'grad_norm': 1.061193823814392, 'learning_rate': 0.0001771916650916321, 'epoch': 0.66}
{'loss': 1.3909, 'grad_norm': 1.0943950414657593, 'learning_rate': 0.0001769543848744567, 'epoch': 0.66}
{'loss': 1.4081, 'grad_norm': 0.8907091617584229, 'learning_rate': 0.000176716037423724, 'epoch': 0.66}
{'loss': 1.4037, 'grad_norm': 1.0167100429534912, 'learning_rate': 0.00017647662604492996, 'epoch': 0.67}
{'loss': 1.4684, 'grad_norm': 0.9572997689247131, 'learning_rate': 0.0001762361540583253, 'epoch': 0.67}
{'loss': 1.4035, 'grad_norm': 0.9476603269577026, 'learning_rate': 0.00017599462479886974, 'epoch': 0.68}
{'loss': 1.4834, 'grad_norm': 0.9588428735733032, 'learning_rate': 0.00017575204161618572, 'epoch': 0.68}
{'loss': 1.4189, 'grad_norm': 0.971423864364624, 'learning_rate': 0.0001755084078745118, 'epoch': 0.68}
{'loss': 1.4014, 'grad_norm': 0.9476281404495239, 'learning_rate': 0.00017526372695265619, 'epoch': 0.69}
{'loss': 1.4442, 'grad_norm': 0.9472919702529907, 'learning_rate': 0.00017501800224394972, 'epoch': 0.69}
{'loss': 1.4113, 'grad_norm': 1.0462788343429565, 'learning_rate': 0.00017477123715619897, 'epoch': 0.69}
{'loss': 1.4164, 'grad_norm': 0.9319573044776917, 'learning_rate': 0.00017452343511163885, 'epoch': 0.7}
{'loss': 1.431, 'grad_norm': 1.0050246715545654, 'learning_rate': 0.00017427459954688515, 'epoch': 0.7}
{'loss': 1.4475, 'grad_norm': 0.8381053805351257, 'learning_rate': 0.000174024733912887, 'epoch': 0.7}
{'loss': 1.4493, 'grad_norm': 0.9129526019096375, 'learning_rate': 0.0001737738416748789, 'epoch': 0.71}
{'loss': 1.4271, 'grad_norm': 0.9268711805343628, 'learning_rate': 0.00017352192631233266, 'epoch': 0.71}
{'loss': 1.4119, 'grad_norm': 0.9176149368286133, 'learning_rate': 0.00017326899131890925, 'epoch': 0.71}
{'loss': 1.4564, 'grad_norm': 1.0590347051620483, 'learning_rate': 0.00017301504020241027, 'epoch': 0.72}
{'loss': 1.4604, 'grad_norm': 0.9854739308357239, 'learning_rate': 0.00017276007648472927, 'epoch': 0.72}
{'loss': 1.4569, 'grad_norm': 0.9490639567375183, 'learning_rate': 0.00017250410370180295, 'epoch': 0.73}
{'loss': 1.4252, 'grad_norm': 0.9259087443351746, 'learning_rate': 0.00017224712540356215, 'epoch': 0.73}
{'loss': 1.4436, 'grad_norm': 0.9891489148139954, 'learning_rate': 0.00017198914515388262, 'epoch': 0.73}
{'loss': 1.4625, 'grad_norm': 0.9398015737533569, 'learning_rate': 0.00017173016653053552, 'epoch': 0.74}
{'loss': 1.3971, 'grad_norm': 0.9258275628089905, 'learning_rate': 0.0001714701931251378, 'epoch': 0.74}
{'loss': 1.4163, 'grad_norm': 0.901111364364624, 'learning_rate': 0.00017120922854310257, 'epoch': 0.74}
{'loss': 1.4452, 'grad_norm': 0.8203195333480835, 'learning_rate': 0.00017094727640358883, 'epoch': 0.75}
{'loss': 1.4329, 'grad_norm': 0.9893469214439392, 'learning_rate': 0.00017068434033945152, 'epoch': 0.75}
{'loss': 1.4262, 'grad_norm': 0.7958627939224243, 'learning_rate': 0.00017042042399719094, 'epoch': 0.75}
{'loss': 1.4422, 'grad_norm': 1.0592457056045532, 'learning_rate': 0.00017015553103690237, 'epoch': 0.76}
{'loss': 1.4477, 'grad_norm': 0.8413547873497009, 'learning_rate': 0.00016988966513222512, 'epoch': 0.76}
{'loss': 1.4365, 'grad_norm': 1.069475769996643, 'learning_rate': 0.00016962282997029174, 'epoch': 0.76}
{'loss': 1.4749, 'grad_norm': 0.9122535586357117, 'learning_rate': 0.00016935502925167673, 'epoch': 0.77}
{'loss': 1.4631, 'grad_norm': 0.8634563684463501, 'learning_rate': 0.00016908626669034544, 'epoch': 0.77}
{'loss': 1.4272, 'grad_norm': 0.9078240394592285, 'learning_rate': 0.00016881654601360235, 'epoch': 0.78}
{'loss': 1.4231, 'grad_norm': 0.8260073065757751, 'learning_rate': 0.00016854587096203942, 'epoch': 0.78}
{'loss': 1.4211, 'grad_norm': 0.8797765374183655, 'learning_rate': 0.00016827424528948436, 'epoch': 0.78}
{'loss': 1.4383, 'grad_norm': 0.8686091899871826, 'learning_rate': 0.0001680016727629484, 'epoch': 0.79}
{'loss': 1.3937, 'grad_norm': 0.8675968050956726, 'learning_rate': 0.00016772815716257412, 'epoch': 0.79}
{'loss': 1.4237, 'grad_norm': 0.9361628890037537, 'learning_rate': 0.000167453702281583, 'epoch': 0.79}
{'loss': 1.4288, 'grad_norm': 0.9544689655303955, 'learning_rate': 0.00016717831192622287, 'epoch': 0.8}
{'loss': 1.4683, 'grad_norm': 0.9902216792106628, 'learning_rate': 0.00016690198991571505, 'epoch': 0.8}
{'loss': 1.4251, 'grad_norm': 0.8689821362495422, 'learning_rate': 0.00016662474008220142, 'epoch': 0.8}
{'loss': 1.445, 'grad_norm': 0.9505003094673157, 'learning_rate': 0.00016634656627069133, 'epoch': 0.81}
{'loss': 1.3678, 'grad_norm': 0.8783547878265381, 'learning_rate': 0.00016606747233900815, 'epoch': 0.81}
{'loss': 1.4327, 'grad_norm': 0.8843881487846375, 'learning_rate': 0.00016578746215773589, 'epoch': 0.81}
{'loss': 1.4278, 'grad_norm': 0.9312364459037781, 'learning_rate': 0.00016550653961016539, 'epoch': 0.82}
{'loss': 1.4129, 'grad_norm': 0.8173458576202393, 'learning_rate': 0.00016522470859224063, 'epoch': 0.82}
{'loss': 1.4288, 'grad_norm': 0.9711302518844604, 'learning_rate': 0.00016494197301250457, 'epoch': 0.82}
{'loss': 1.4416, 'grad_norm': 1.014405369758606, 'learning_rate': 0.000164658336792045, 'epoch': 0.83}
{'loss': 1.3921, 'grad_norm': 0.8894102573394775, 'learning_rate': 0.00016437380386444015, 'epoch': 0.83}
{'loss': 1.4417, 'grad_norm': 0.9855020642280579, 'learning_rate': 0.00016408837817570408, 'epoch': 0.84}
{'loss': 1.3746, 'grad_norm': 0.950546383857727, 'learning_rate': 0.00016380206368423212, 'epoch': 0.84}
{'loss': 1.4316, 'grad_norm': 0.9128754734992981, 'learning_rate': 0.00016351486436074579, 'epoch': 0.84}
{'loss': 1.4676, 'grad_norm': 0.974063515663147, 'learning_rate': 0.0001632267841882378, 'epoch': 0.85}
{'loss': 1.4156, 'grad_norm': 0.9943053126335144, 'learning_rate': 0.00016293782716191686, 'epoch': 0.85}
{'loss': 1.4138, 'grad_norm': 0.9246861338615417, 'learning_rate': 0.0001626479972891522, 'epoch': 0.85}
{'loss': 1.4523, 'grad_norm': 0.9976993203163147, 'learning_rate': 0.00016235729858941807, 'epoch': 0.86}
{'loss': 1.3923, 'grad_norm': 0.9310129284858704, 'learning_rate': 0.00016206573509423787, 'epoch': 0.86}
{'loss': 1.4161, 'grad_norm': 0.8539790511131287, 'learning_rate': 0.00016177331084712843, 'epoch': 0.86}
{'loss': 1.4266, 'grad_norm': 0.9339547753334045, 'learning_rate': 0.00016148002990354373, 'epoch': 0.87}
{'loss': 1.4455, 'grad_norm': 1.0387825965881348, 'learning_rate': 0.00016118589633081883, 'epoch': 0.87}
{'loss': 1.4356, 'grad_norm': 0.9733728170394897, 'learning_rate': 0.0001608909142081133, 'epoch': 0.87}
{'loss': 1.4172, 'grad_norm': 0.9258441925048828, 'learning_rate': 0.00016059508762635482, 'epoch': 0.88}
{'loss': 1.4332, 'grad_norm': 0.9506868720054626, 'learning_rate': 0.0001602984206881823, 'epoch': 0.88}
{'loss': 1.3939, 'grad_norm': 0.8510885834693909, 'learning_rate': 0.00016000091750788907, 'epoch': 0.89}
{'loss': 1.4138, 'grad_norm': 1.0166670083999634, 'learning_rate': 0.00015970258221136577, 'epoch': 0.89}
{'loss': 1.4386, 'grad_norm': 0.9050837755203247, 'learning_rate': 0.00015940341893604316, 'epoch': 0.89}
{'loss': 1.4506, 'grad_norm': 0.9425951838493347, 'learning_rate': 0.00015910343183083477, 'epoch': 0.9}
{'loss': 1.3851, 'grad_norm': 0.8559055924415588, 'learning_rate': 0.0001588026250560793, 'epoch': 0.9}
{'loss': 1.4275, 'grad_norm': 0.8741626143455505, 'learning_rate': 0.00015850100278348296, 'epoch': 0.9}
{'loss': 1.4405, 'grad_norm': 0.9845595955848694, 'learning_rate': 0.00015819856919606153, 'epoch': 0.91}
{'loss': 1.4485, 'grad_norm': 0.9767089486122131, 'learning_rate': 0.0001578953284880825, 'epoch': 0.91}
{'loss': 1.4397, 'grad_norm': 0.9117196798324585, 'learning_rate': 0.00015759128486500688, 'epoch': 0.91}
{'loss': 1.44, 'grad_norm': 0.9497471451759338, 'learning_rate': 0.0001572864425434307, 'epoch': 0.92}
{'loss': 1.4001, 'grad_norm': 0.9293292760848999, 'learning_rate': 0.00015698080575102661, 'epoch': 0.92}
{'loss': 1.3853, 'grad_norm': 0.8395610451698303, 'learning_rate': 0.00015667437872648554, 'epoch': 0.92}
{'loss': 1.4771, 'grad_norm': 0.9001612663269043, 'learning_rate': 0.00015636716571945742, 'epoch': 0.93}
{'loss': 1.3714, 'grad_norm': 0.9276664853096008, 'learning_rate': 0.0001560591709904926, 'epoch': 0.93}
{'loss': 1.4327, 'grad_norm': 1.012843370437622, 'learning_rate': 0.00015575039881098266, 'epoch': 0.94}
{'loss': 1.4163, 'grad_norm': 0.8644353747367859, 'learning_rate': 0.0001554408534631011, 'epoch': 0.94}
{'loss': 1.3964, 'grad_norm': 0.8847860097885132, 'learning_rate': 0.00015513053923974415, 'epoch': 0.94}
{'loss': 1.442, 'grad_norm': 0.8917474746704102, 'learning_rate': 0.00015481946044447099, 'epoch': 0.95}
{'loss': 1.4321, 'grad_norm': 0.9312459826469421, 'learning_rate': 0.0001545076213914442, 'epoch': 0.95}
{'loss': 1.41, 'grad_norm': 0.9097111225128174, 'learning_rate': 0.00015419502640536998, 'epoch': 0.95}
{'loss': 1.4253, 'grad_norm': 0.9588440656661987, 'learning_rate': 0.00015388167982143802, 'epoch': 0.96}
{'loss': 1.4038, 'grad_norm': 0.9159029722213745, 'learning_rate': 0.00015356758598526152, 'epoch': 0.96}
{'loss': 1.4315, 'grad_norm': 0.9714526534080505, 'learning_rate': 0.00015325274925281684, 'epoch': 0.96}
{'loss': 1.3903, 'grad_norm': 0.9587453603744507, 'learning_rate': 0.00015293717399038315, 'epoch': 0.97}
{'loss': 1.3817, 'grad_norm': 0.8454242944717407, 'learning_rate': 0.00015262086457448182, 'epoch': 0.97}
{'loss': 1.4074, 'grad_norm': 1.038452386856079, 'learning_rate': 0.0001523038253918157, 'epoch': 0.97}
{'loss': 1.4022, 'grad_norm': 0.9973369240760803, 'learning_rate': 0.00015198606083920838, 'epoch': 0.98}
{'loss': 1.4604, 'grad_norm': 0.9147534370422363, 'learning_rate': 0.00015166757532354325, 'epoch': 0.98}
{'loss': 1.4435, 'grad_norm': 0.8546571135520935, 'learning_rate': 0.00015134837326170213, 'epoch': 0.98}
{'loss': 1.3813, 'grad_norm': 0.8976957201957703, 'learning_rate': 0.00015102845908050432, 'epoch': 0.99}
{'loss': 1.3932, 'grad_norm': 0.9144250154495239, 'learning_rate': 0.00015070783721664495, 'epoch': 0.99}
{'loss': 1.4261, 'grad_norm': 0.8126665949821472, 'learning_rate': 0.00015038651211663368, 'epoch': 1.0}
{'loss': 1.3624, 'grad_norm': 0.9169201254844666, 'learning_rate': 0.00015006448823673288, 'epoch': 1.0}
{'eval_loss': 1.417572259902954, 'eval_runtime': 104.042, 'eval_samples_per_second': 24.029, 'eval_steps_per_second': 3.008, 'epoch': 1.0}
{'loss': 1.4235, 'grad_norm': 0.911406934261322, 'learning_rate': 0.00014974177004289588, 'epoch': 1.0}
{'loss': 1.3756, 'grad_norm': 0.9558930993080139, 'learning_rate': 0.00014941836201070498, 'epoch': 1.01}
{'loss': 1.3888, 'grad_norm': 0.912534773349762, 'learning_rate': 0.0001490942686253095, 'epoch': 1.01}
{'loss': 1.4329, 'grad_norm': 0.8813648223876953, 'learning_rate': 0.00014876949438136347, 'epoch': 1.01}
{'loss': 1.389, 'grad_norm': 0.9167121648788452, 'learning_rate': 0.00014844404378296333, 'epoch': 1.02}
{'loss': 1.4197, 'grad_norm': 0.8720915913581848, 'learning_rate': 0.00014811792134358548, 'epoch': 1.02}
{'loss': 1.3985, 'grad_norm': 0.8396946787834167, 'learning_rate': 0.00014779113158602372, 'epoch': 1.02}
{'loss': 1.4206, 'grad_norm': 0.9076666831970215, 'learning_rate': 0.00014746367904232638, 'epoch': 1.03}
{'loss': 1.3824, 'grad_norm': 0.9924638271331787, 'learning_rate': 0.00014713556825373357, 'epoch': 1.03}
{'loss': 1.4124, 'grad_norm': 0.9524596333503723, 'learning_rate': 0.0001468068037706144, 'epoch': 1.03}
{'loss': 1.4066, 'grad_norm': 0.8975070118904114, 'learning_rate': 0.00014647739015240339, 'epoch': 1.04}
{'loss': 1.413, 'grad_norm': 0.9716672301292419, 'learning_rate': 0.00014614733196753764, 'epoch': 1.04}
{'loss': 1.4192, 'grad_norm': 0.902108371257782, 'learning_rate': 0.00014581663379339345, 'epoch': 1.05}
{'loss': 1.4167, 'grad_norm': 0.8872800469398499, 'learning_rate': 0.0001454853002162226, 'epoch': 1.05}
{'loss': 1.4478, 'grad_norm': 0.7899492383003235, 'learning_rate': 0.00014515333583108896, 'epoch': 1.05}
{'loss': 1.4285, 'grad_norm': 0.9182061553001404, 'learning_rate': 0.00014482074524180464, 'epoch': 1.06}
{'loss': 1.4142, 'grad_norm': 0.8667818903923035, 'learning_rate': 0.00014448753306086628, 'epoch': 1.06}
{'loss': 1.4063, 'grad_norm': 0.9657518863677979, 'learning_rate': 0.0001441537039093909, 'epoch': 1.06}
{'loss': 1.3638, 'grad_norm': 0.8366662263870239, 'learning_rate': 0.000143819262417052, 'epoch': 1.07}
{'loss': 1.4277, 'grad_norm': 0.9355833530426025, 'learning_rate': 0.0001434842132220152, 'epoch': 1.07}
{'loss': 1.4109, 'grad_norm': 0.9594535827636719, 'learning_rate': 0.00014314856097087398, 'epoch': 1.07}
{'loss': 1.403, 'grad_norm': 0.8659802675247192, 'learning_rate': 0.00014281231031858523, 'epoch': 1.08}
{'loss': 1.4037, 'grad_norm': 0.9160662293434143, 'learning_rate': 0.0001424754659284048, 'epoch': 1.08}
{'loss': 1.3545, 'grad_norm': 0.9412803649902344, 'learning_rate': 0.00014213803247182258, 'epoch': 1.08}
{'loss': 1.3552, 'grad_norm': 0.8440590500831604, 'learning_rate': 0.000141800014628498, 'epoch': 1.09}
{'loss': 1.4501, 'grad_norm': 0.9865260720252991, 'learning_rate': 0.00014146141708619488, 'epoch': 1.09}
{'loss': 1.4149, 'grad_norm': 0.9724178910255432, 'learning_rate': 0.00014112224454071662, 'epoch': 1.1}
{'loss': 1.4498, 'grad_norm': 0.9197199940681458, 'learning_rate': 0.00014078250169584098, 'epoch': 1.1}
{'loss': 1.396, 'grad_norm': 0.8477035760879517, 'learning_rate': 0.00014044219326325477, 'epoch': 1.1}
{'loss': 1.3744, 'grad_norm': 1.0420293807983398, 'learning_rate': 0.0001401013239624887, 'epoch': 1.11}
{'loss': 1.4568, 'grad_norm': 0.933357298374176, 'learning_rate': 0.00013975989852085176, 'epoch': 1.11}
{'loss': 1.4183, 'grad_norm': 0.9108423590660095, 'learning_rate': 0.00013941792167336572, 'epoch': 1.11}
{'loss': 1.3816, 'grad_norm': 1.1475520133972168, 'learning_rate': 0.00013907539816269946, 'epoch': 1.12}
{'loss': 1.4153, 'grad_norm': 0.934330940246582, 'learning_rate': 0.00013873233273910328, 'epoch': 1.12}
{'loss': 1.4296, 'grad_norm': 0.8493494987487793, 'learning_rate': 0.00013838873016034278, 'epoch': 1.12}
{'loss': 1.4242, 'grad_norm': 0.9593113660812378, 'learning_rate': 0.00013804459519163318, 'epoch': 1.13}
{'loss': 1.391, 'grad_norm': 0.8725311756134033, 'learning_rate': 0.0001376999326055731, 'epoch': 1.13}
{'loss': 1.3582, 'grad_norm': 0.9161381721496582, 'learning_rate': 0.0001373547471820782, 'epoch': 1.13}
{'loss': 1.4654, 'grad_norm': 0.9239951968193054, 'learning_rate': 0.00013700904370831526, 'epoch': 1.14}
{'loss': 1.4056, 'grad_norm': 0.9884732961654663, 'learning_rate': 0.00013666282697863546, 'epoch': 1.14}
{'loss': 1.4195, 'grad_norm': 0.968985378742218, 'learning_rate': 0.00013631610179450798, 'epoch': 1.14}
{'loss': 1.4307, 'grad_norm': 0.9995031356811523, 'learning_rate': 0.0001359688729644536, 'epoch': 1.15}
{'loss': 1.3947, 'grad_norm': 0.946975827217102, 'learning_rate': 0.0001356211453039777, 'epoch': 1.15}
{'loss': 1.445, 'grad_norm': 0.8522250056266785, 'learning_rate': 0.0001352729236355037, 'epoch': 1.16}
{'loss': 1.4064, 'grad_norm': 0.9690200090408325, 'learning_rate': 0.00013492421278830618, 'epoch': 1.16}
{'loss': 1.4078, 'grad_norm': 0.9375800490379333, 'learning_rate': 0.00013457501759844373, 'epoch': 1.16}
{'loss': 1.3994, 'grad_norm': 0.9100789427757263, 'learning_rate': 0.00013422534290869205, 'epoch': 1.17}
{'loss': 1.3643, 'grad_norm': 0.9698903560638428, 'learning_rate': 0.00013387519356847672, 'epoch': 1.17}
{'loss': 1.4013, 'grad_norm': 0.9563068747520447, 'learning_rate': 0.00013352457443380601, 'epoch': 1.17}
{'loss': 1.364, 'grad_norm': 0.903584897518158, 'learning_rate': 0.0001331734903672034, 'epoch': 1.18}
{'loss': 1.4155, 'grad_norm': 0.892179548740387, 'learning_rate': 0.0001328219462376403, 'epoch': 1.18}
{'loss': 1.4243, 'grad_norm': 0.7993549704551697, 'learning_rate': 0.00013246994692046836, 'epoch': 1.18}
{'loss': 1.4139, 'grad_norm': 0.8976560235023499, 'learning_rate': 0.00013211749729735204, 'epoch': 1.19}
{'loss': 1.3535, 'grad_norm': 0.978722870349884, 'learning_rate': 0.0001317646022562008, 'epoch': 1.19}
{'loss': 1.4068, 'grad_norm': 0.9396756887435913, 'learning_rate': 0.00013141126669110136, 'epoch': 1.19}
{'loss': 1.3792, 'grad_norm': 0.8503943085670471, 'learning_rate': 0.00013105749550224965, 'epoch': 1.2}
{'loss': 1.4262, 'grad_norm': 1.080371618270874, 'learning_rate': 0.00013070329359588323, 'epoch': 1.2}
{'loss': 1.4137, 'grad_norm': 1.0515732765197754, 'learning_rate': 0.00013034866588421283, 'epoch': 1.21}
{'loss': 1.3992, 'grad_norm': 0.8846063017845154, 'learning_rate': 0.0001299936172853545, 'epoch': 1.21}
{'loss': 1.4261, 'grad_norm': 0.9102020859718323, 'learning_rate': 0.0001296381527232613, 'epoch': 1.21}
{'loss': 1.4312, 'grad_norm': 0.9104648232460022, 'learning_rate': 0.00012928227712765504, 'epoch': 1.22}
{'loss': 1.3938, 'grad_norm': 0.9068738222122192, 'learning_rate': 0.00012892599543395795, 'epoch': 1.22}
{'loss': 1.397, 'grad_norm': 0.9094075560569763, 'learning_rate': 0.000128569312583224, 'epoch': 1.22}
{'loss': 1.3677, 'grad_norm': 0.8692082166671753, 'learning_rate': 0.00012821223352207085, 'epoch': 1.23}
{'loss': 1.4341, 'grad_norm': 0.8668656945228577, 'learning_rate': 0.0001278547632026107, 'epoch': 1.23}
{'loss': 1.4094, 'grad_norm': 0.8649002909660339, 'learning_rate': 0.00012749690658238206, 'epoch': 1.23}
{'loss': 1.4252, 'grad_norm': 0.92183518409729, 'learning_rate': 0.00012713866862428067, 'epoch': 1.24}
{'loss': 1.3875, 'grad_norm': 0.9060736894607544, 'learning_rate': 0.00012678005429649092, 'epoch': 1.24}
{'loss': 1.3727, 'grad_norm': 0.878744900226593, 'learning_rate': 0.00012642106857241678, 'epoch': 1.24}
{'loss': 1.4022, 'grad_norm': 0.938564658164978, 'learning_rate': 0.00012606171643061293, 'epoch': 1.25}
{'loss': 1.3797, 'grad_norm': 0.8210678100585938, 'learning_rate': 0.00012570200285471565, 'epoch': 1.25}
{'loss': 1.4087, 'grad_norm': 0.9278064370155334, 'learning_rate': 0.0001253419328333737, 'epoch': 1.26}
{'loss': 1.4115, 'grad_norm': 0.8833903670310974, 'learning_rate': 0.00012498151136017922, 'epoch': 1.26}
{'loss': 1.4174, 'grad_norm': 0.928685188293457, 'learning_rate': 0.00012462074343359838, 'epoch': 1.26}
{'loss': 1.4001, 'grad_norm': 0.9462118148803711, 'learning_rate': 0.0001242596340569022, 'epoch': 1.27}
{'loss': 1.4227, 'grad_norm': 0.8624756932258606, 'learning_rate': 0.00012389818823809685, 'epoch': 1.27}
{'loss': 1.4264, 'grad_norm': 0.9287282824516296, 'learning_rate': 0.00012353641098985463, 'epoch': 1.27}
{'loss': 1.373, 'grad_norm': 0.951498806476593, 'learning_rate': 0.00012317430732944418, 'epoch': 1.28}
{'loss': 1.3952, 'grad_norm': 0.8528465032577515, 'learning_rate': 0.00012281188227866084, 'epoch': 1.28}
{'loss': 1.4105, 'grad_norm': 0.8274593949317932, 'learning_rate': 0.00012244914086375724, 'epoch': 1.28}
{'loss': 1.3721, 'grad_norm': 0.9034839868545532, 'learning_rate': 0.0001220860881153735, 'epoch': 1.29}
{'loss': 1.4115, 'grad_norm': 0.8570080995559692, 'learning_rate': 0.00012172272906846722, 'epoch': 1.29}
{'loss': 1.3853, 'grad_norm': 0.9217896461486816, 'learning_rate': 0.0001213590687622441, 'epoch': 1.29}
{'loss': 1.3452, 'grad_norm': 1.0395410060882568, 'learning_rate': 0.00012099511224008771, 'epoch': 1.3}
{'loss': 1.4083, 'grad_norm': 0.8737506866455078, 'learning_rate': 0.00012063086454948971, 'epoch': 1.3}
{'loss': 1.4042, 'grad_norm': 0.8047872185707092, 'learning_rate': 0.00012026633074197975, 'epoch': 1.3}
{'loss': 1.4009, 'grad_norm': 1.02257239818573, 'learning_rate': 0.0001199015158730555, 'epoch': 1.31}
{'loss': 1.3935, 'grad_norm': 0.9372288584709167, 'learning_rate': 0.00011953642500211244, 'epoch': 1.31}
{'loss': 1.3691, 'grad_norm': 0.9505376815795898, 'learning_rate': 0.00011917106319237386, 'epoch': 1.32}
{'loss': 1.3497, 'grad_norm': 0.9383531212806702, 'learning_rate': 0.00011880543551082041, 'epoch': 1.32}
{'loss': 1.3771, 'grad_norm': 0.8705693483352661, 'learning_rate': 0.00011843954702812008, 'epoch': 1.32}
{'loss': 1.3641, 'grad_norm': 0.8849198222160339, 'learning_rate': 0.00011807340281855764, 'epoch': 1.33}
{'loss': 1.3957, 'grad_norm': 0.892702043056488, 'learning_rate': 0.00011770700795996445, 'epoch': 1.33}
{'loss': 1.4041, 'grad_norm': 0.9824990034103394, 'learning_rate': 0.00011734036753364792, 'epoch': 1.33}
{'loss': 1.4174, 'grad_norm': 0.801897406578064, 'learning_rate': 0.00011697348662432117, 'epoch': 1.34}
{'loss': 1.4099, 'grad_norm': 0.8774340152740479, 'learning_rate': 0.00011660637032003232, 'epoch': 1.34}
{'loss': 1.3706, 'grad_norm': 0.9128784537315369, 'learning_rate': 0.00011623902371209419, 'epoch': 1.34}
{'loss': 1.3569, 'grad_norm': 0.9537179470062256, 'learning_rate': 0.00011587145189501334, 'epoch': 1.35}
{'loss': 1.4009, 'grad_norm': 0.8806824088096619, 'learning_rate': 0.00011550365996641979, 'epoch': 1.35}
{'loss': 1.4167, 'grad_norm': 1.00205659866333, 'learning_rate': 0.00011513565302699607, 'epoch': 1.35}
{'loss': 1.3999, 'grad_norm': 0.916365385055542, 'learning_rate': 0.00011476743618040666, 'epoch': 1.36}
{'loss': 1.4373, 'grad_norm': 0.8327983021736145, 'learning_rate': 0.00011439901453322697, 'epoch': 1.36}
{'loss': 1.4001, 'grad_norm': 0.9252053499221802, 'learning_rate': 0.00011403039319487272, 'epoch': 1.37}
{'loss': 1.4336, 'grad_norm': 0.885978102684021, 'learning_rate': 0.00011366157727752909, 'epoch': 1.37}
{'loss': 1.4154, 'grad_norm': 0.8981443047523499, 'learning_rate': 0.00011329257189607969, 'epoch': 1.37}
{'loss': 1.4257, 'grad_norm': 0.8586831092834473, 'learning_rate': 0.0001129233821680357, 'epoch': 1.38}
{'loss': 1.3946, 'grad_norm': 0.908362090587616, 'learning_rate': 0.00011255401321346493, 'epoch': 1.38}
{'loss': 1.4055, 'grad_norm': 0.913408100605011, 'learning_rate': 0.00011218447015492073, 'epoch': 1.38}
{'loss': 1.4059, 'grad_norm': 0.9679694771766663, 'learning_rate': 0.00011181475811737101, 'epoch': 1.39}
{'loss': 1.3919, 'grad_norm': 0.9391926527023315, 'learning_rate': 0.00011144488222812717, 'epoch': 1.39}
{'loss': 1.373, 'grad_norm': 0.8798501491546631, 'learning_rate': 0.00011107484761677291, 'epoch': 1.39}
{'loss': 1.3801, 'grad_norm': 0.9687113165855408, 'learning_rate': 0.0001107046594150932, 'epoch': 1.4}
{'loss': 1.3737, 'grad_norm': 0.9716224670410156, 'learning_rate': 0.00011033432275700307, 'epoch': 1.4}
{'loss': 1.3528, 'grad_norm': 0.8903194665908813, 'learning_rate': 0.00010996384277847631, 'epoch': 1.4}
{'loss': 1.4159, 'grad_norm': 1.0196441411972046, 'learning_rate': 0.00010959322461747446, 'epoch': 1.41}
{'loss': 1.419, 'grad_norm': 0.910176157951355, 'learning_rate': 0.00010922247341387535, 'epoch': 1.41}
{'loss': 1.4037, 'grad_norm': 0.9853693842887878, 'learning_rate': 0.00010885159430940195, 'epoch': 1.42}
{'loss': 1.3769, 'grad_norm': 0.8336504101753235, 'learning_rate': 0.00010848059244755093, 'epoch': 1.42}
{'loss': 1.34, 'grad_norm': 0.8271399140357971, 'learning_rate': 0.00010810947297352148, 'epoch': 1.42}
{'loss': 1.4095, 'grad_norm': 0.9661816954612732, 'learning_rate': 0.00010773824103414385, 'epoch': 1.43}
{'loss': 1.3751, 'grad_norm': 0.839458703994751, 'learning_rate': 0.00010736690177780801, 'epoch': 1.43}
{'loss': 1.4404, 'grad_norm': 0.9282118678092957, 'learning_rate': 0.00010699546035439228, 'epoch': 1.43}
{'loss': 1.3936, 'grad_norm': 0.9979000687599182, 'learning_rate': 0.00010662392191519177, 'epoch': 1.44}
{'loss': 1.3791, 'grad_norm': 1.0306320190429688, 'learning_rate': 0.00010625229161284715, 'epoch': 1.44}
{'loss': 1.4244, 'grad_norm': 0.9723576307296753, 'learning_rate': 0.00010588057460127303, 'epoch': 1.44}
{'loss': 1.3895, 'grad_norm': 0.8814878463745117, 'learning_rate': 0.00010550877603558655, 'epoch': 1.45}
{'loss': 1.399, 'grad_norm': 0.9143861532211304, 'learning_rate': 0.00010513690107203589, 'epoch': 1.45}
{'loss': 1.3738, 'grad_norm': 0.9151647686958313, 'learning_rate': 0.00010476495486792872, 'epoch': 1.45}
{'loss': 1.4148, 'grad_norm': 0.8102536201477051, 'learning_rate': 0.00010439294258156072, 'epoch': 1.46}
{'loss': 1.3747, 'grad_norm': 0.9247322678565979, 'learning_rate': 0.00010402086937214399, 'epoch': 1.46}
{'loss': 1.3958, 'grad_norm': 0.9491145610809326, 'learning_rate': 0.00010364874039973562, 'epoch': 1.46}
{'loss': 1.3943, 'grad_norm': 0.8164502382278442, 'learning_rate': 0.00010327656082516592, 'epoch': 1.47}
{'loss': 1.3814, 'grad_norm': 0.8867577314376831, 'learning_rate': 0.0001029043358099671, 'epoch': 1.47}
{'loss': 1.4221, 'grad_norm': 0.9906308650970459, 'learning_rate': 0.00010253207051630143, 'epoch': 1.48}
{'loss': 1.4189, 'grad_norm': 0.9104673862457275, 'learning_rate': 0.00010215977010688986, 'epoch': 1.48}
{'loss': 1.3965, 'grad_norm': 0.955325722694397, 'learning_rate': 0.00010178743974494038, 'epoch': 1.48}
{'loss': 1.3832, 'grad_norm': 1.043900966644287, 'learning_rate': 0.00010141508459407623, 'epoch': 1.49}
{'loss': 1.3821, 'grad_norm': 0.8666999340057373, 'learning_rate': 0.00010104270981826456, 'epoch': 1.49}
{'loss': 1.4017, 'grad_norm': 0.8838906288146973, 'learning_rate': 0.00010067032058174462, 'epoch': 1.49}
{'loss': 1.3864, 'grad_norm': 0.8484732508659363, 'learning_rate': 0.00010029792204895628, 'epoch': 1.5}
{'loss': 1.3675, 'grad_norm': 0.8948567509651184, 'learning_rate': 9.992551938446823e-05, 'epoch': 1.5}
{'loss': 1.4017, 'grad_norm': 0.9231641292572021, 'learning_rate': 9.955311775290655e-05, 'epoch': 1.5}
{'loss': 1.3515, 'grad_norm': 0.9145768880844116, 'learning_rate': 9.918072231888292e-05, 'epoch': 1.51}
{'loss': 1.3948, 'grad_norm': 0.9386181235313416, 'learning_rate': 9.880833824692317e-05, 'epoch': 1.51}
{'loss': 1.3696, 'grad_norm': 0.86913001537323, 'learning_rate': 9.843597070139539e-05, 'epoch': 1.51}
{'loss': 1.3621, 'grad_norm': 0.9645236730575562, 'learning_rate': 9.806362484643872e-05, 'epoch': 1.52}
{'loss': 1.4277, 'grad_norm': 0.8998677730560303, 'learning_rate': 9.769130584589127e-05, 'epoch': 1.52}
{'loss': 1.4089, 'grad_norm': 0.96444171667099, 'learning_rate': 9.731901886321876e-05, 'epoch': 1.53}
{'loss': 1.3474, 'grad_norm': 0.8607358336448669, 'learning_rate': 9.6946769061443e-05, 'epoch': 1.53}
{'loss': 1.3904, 'grad_norm': 0.959175705909729, 'learning_rate': 9.657456160307005e-05, 'epoch': 1.53}
{'loss': 1.4155, 'grad_norm': 0.8316099643707275, 'learning_rate': 9.620240165001868e-05, 'epoch': 1.54}
{'loss': 1.4164, 'grad_norm': 0.8398070335388184, 'learning_rate': 9.583029436354905e-05, 'epoch': 1.54}
{'loss': 1.367, 'grad_norm': 0.9124030470848083, 'learning_rate': 9.545824490419067e-05, 'epoch': 1.54}
{'loss': 1.4342, 'grad_norm': 0.9541707634925842, 'learning_rate': 9.508625843167128e-05, 'epoch': 1.55}
{'loss': 1.4065, 'grad_norm': 0.9128625988960266, 'learning_rate': 9.471434010484496e-05, 'epoch': 1.55}
{'loss': 1.3892, 'grad_norm': 0.8799645304679871, 'learning_rate': 9.434249508162076e-05, 'epoch': 1.55}
{'loss': 1.4357, 'grad_norm': 0.9064980149269104, 'learning_rate': 9.39707285188912e-05, 'epoch': 1.56}
{'loss': 1.3645, 'grad_norm': 0.8904039859771729, 'learning_rate': 9.359904557246057e-05, 'epoch': 1.56}
{'loss': 1.3909, 'grad_norm': 0.9477023482322693, 'learning_rate': 9.322745139697356e-05, 'epoch': 1.56}
{'loss': 1.3806, 'grad_norm': 0.9269040822982788, 'learning_rate': 9.285595114584384e-05, 'epoch': 1.57}
{'loss': 1.3812, 'grad_norm': 0.8744822144508362, 'learning_rate': 9.248454997118237e-05, 'epoch': 1.57}
{'loss': 1.394, 'grad_norm': 0.8496652245521545, 'learning_rate': 9.211325302372619e-05, 'epoch': 1.58}
{'loss': 1.4314, 'grad_norm': 0.8848234415054321, 'learning_rate': 9.174206545276677e-05, 'epoch': 1.58}
{'loss': 1.3773, 'grad_norm': 0.8833824992179871, 'learning_rate': 9.13709924060788e-05, 'epoch': 1.58}
{'loss': 1.4235, 'grad_norm': 0.8771406412124634, 'learning_rate': 9.100003902984869e-05, 'epoch': 1.59}
{'loss': 1.3963, 'grad_norm': 0.8186650276184082, 'learning_rate': 9.062921046860315e-05, 'epoch': 1.59}
{'loss': 1.4115, 'grad_norm': 0.9112713932991028, 'learning_rate': 9.02585118651379e-05, 'epoch': 1.59}
{'loss': 1.3652, 'grad_norm': 1.0515295267105103, 'learning_rate': 8.988794836044648e-05, 'epoch': 1.6}
{'loss': 1.4483, 'grad_norm': 0.8734258413314819, 'learning_rate': 8.951752509364873e-05, 'epoch': 1.6}
{'loss': 1.4332, 'grad_norm': 0.9621520042419434, 'learning_rate': 8.914724720191956e-05, 'epoch': 1.6}
{'loss': 1.3881, 'grad_norm': 0.9596195220947266, 'learning_rate': 8.877711982041792e-05, 'epoch': 1.61}
{'loss': 1.3711, 'grad_norm': 0.9197931289672852, 'learning_rate': 8.84071480822153e-05, 'epoch': 1.61}
{'loss': 1.3858, 'grad_norm': 0.8987443447113037, 'learning_rate': 8.803733711822473e-05, 'epoch': 1.61}
{'loss': 1.3709, 'grad_norm': 0.7834829688072205, 'learning_rate': 8.766769205712951e-05, 'epoch': 1.62}
{'loss': 1.3832, 'grad_norm': 0.8612993955612183, 'learning_rate': 8.729821802531212e-05, 'epoch': 1.62}
{'loss': 1.3953, 'grad_norm': 0.9220526218414307, 'learning_rate': 8.692892014678329e-05, 'epoch': 1.62}
{'loss': 1.4077, 'grad_norm': 0.9136989116668701, 'learning_rate': 8.65598035431106e-05, 'epoch': 1.63}
{'loss': 1.3919, 'grad_norm': 0.8939670324325562, 'learning_rate': 8.619087333334768e-05, 'epoch': 1.63}
{'loss': 1.3848, 'grad_norm': 0.8800559639930725, 'learning_rate': 8.582213463396331e-05, 'epoch': 1.64}
{'loss': 1.4134, 'grad_norm': 0.8704038262367249, 'learning_rate': 8.545359255877014e-05, 'epoch': 1.64}
{'loss': 1.3902, 'grad_norm': 1.0532230138778687, 'learning_rate': 8.508525221885414e-05, 'epoch': 1.64}
{'loss': 1.4201, 'grad_norm': 1.2660750150680542, 'learning_rate': 8.471711872250338e-05, 'epoch': 1.65}
{'loss': 1.39, 'grad_norm': 0.9017402529716492, 'learning_rate': 8.434919717513741e-05, 'epoch': 1.65}
{'loss': 1.3866, 'grad_norm': 0.9963421821594238, 'learning_rate': 8.398149267923643e-05, 'epoch': 1.65}
{'loss': 1.4129, 'grad_norm': 0.8297500014305115, 'learning_rate': 8.36140103342704e-05, 'epoch': 1.66}
{'loss': 1.4277, 'grad_norm': 0.8914328813552856, 'learning_rate': 8.324675523662841e-05, 'epoch': 1.66}
{'loss': 1.3961, 'grad_norm': 0.9572208523750305, 'learning_rate': 8.287973247954813e-05, 'epoch': 1.66}
{'loss': 1.3771, 'grad_norm': 0.8878445029258728, 'learning_rate': 8.251294715304485e-05, 'epoch': 1.67}
{'loss': 1.4239, 'grad_norm': 0.8821580410003662, 'learning_rate': 8.214640434384124e-05, 'epoch': 1.67}
{'loss': 1.4491, 'grad_norm': 0.972688615322113, 'learning_rate': 8.178010913529655e-05, 'epoch': 1.67}
{'loss': 1.35, 'grad_norm': 0.8762431144714355, 'learning_rate': 8.141406660733619e-05, 'epoch': 1.68}
{'loss': 1.4101, 'grad_norm': 0.8677121996879578, 'learning_rate': 8.104828183638141e-05, 'epoch': 1.68}
{'loss': 1.3833, 'grad_norm': 0.8819667100906372, 'learning_rate': 8.06827598952787e-05, 'epoch': 1.69}
{'loss': 1.4051, 'grad_norm': 0.9784489274024963, 'learning_rate': 8.031750585322947e-05, 'epoch': 1.69}
{'loss': 1.3999, 'grad_norm': 0.917850136756897, 'learning_rate': 7.995252477571995e-05, 'epoch': 1.69}
{'loss': 1.3745, 'grad_norm': 0.8953283429145813, 'learning_rate': 7.958782172445063e-05, 'epoch': 1.7}
{'loss': 1.4248, 'grad_norm': 0.8953079581260681, 'learning_rate': 7.922340175726638e-05, 'epoch': 1.7}
{'loss': 1.4067, 'grad_norm': 0.850292980670929, 'learning_rate': 7.885926992808604e-05, 'epoch': 1.7}
{'loss': 1.4025, 'grad_norm': 0.9799127578735352, 'learning_rate': 7.849543128683242e-05, 'epoch': 1.71}
{'loss': 1.3709, 'grad_norm': 1.0261310338974, 'learning_rate': 7.813189087936243e-05, 'epoch': 1.71}
{'loss': 1.3919, 'grad_norm': 0.9242177605628967, 'learning_rate': 7.77686537473968e-05, 'epoch': 1.71}
{'loss': 1.3816, 'grad_norm': 0.859505295753479, 'learning_rate': 7.740572492845038e-05, 'epoch': 1.72}
{'loss': 1.4002, 'grad_norm': 0.8832340836524963, 'learning_rate': 7.704310945576223e-05, 'epoch': 1.72}
{'loss': 1.375, 'grad_norm': 0.9046922326087952, 'learning_rate': 7.668081235822578e-05, 'epoch': 1.72}
{'loss': 1.3815, 'grad_norm': 0.9466720223426819, 'learning_rate': 7.631883866031911e-05, 'epoch': 1.73}
{'loss': 1.3919, 'grad_norm': 0.9730801582336426, 'learning_rate': 7.595719338203528e-05, 'epoch': 1.73}
{'loss': 1.4088, 'grad_norm': 0.831495463848114, 'learning_rate': 7.559588153881265e-05, 'epoch': 1.74}
{'loss': 1.3753, 'grad_norm': 0.8448525071144104, 'learning_rate': 7.523490814146546e-05, 'epoch': 1.74}
{'loss': 1.4119, 'grad_norm': 0.8461856842041016, 'learning_rate': 7.487427819611419e-05, 'epoch': 1.74}
{'loss': 1.3716, 'grad_norm': 0.9006286263465881, 'learning_rate': 7.451399670411616e-05, 'epoch': 1.75}
{'loss': 1.4066, 'grad_norm': 0.9452405571937561, 'learning_rate': 7.41540686619963e-05, 'epoch': 1.75}
{'loss': 1.3995, 'grad_norm': 0.9244697690010071, 'learning_rate': 7.379449906137768e-05, 'epoch': 1.75}
{'loss': 1.4275, 'grad_norm': 0.7839905023574829, 'learning_rate': 7.343529288891239e-05, 'epoch': 1.76}
{'loss': 1.3822, 'grad_norm': 0.9405989050865173, 'learning_rate': 7.307645512621233e-05, 'epoch': 1.76}
{'loss': 1.3644, 'grad_norm': 0.9722772240638733, 'learning_rate': 7.27179907497802e-05, 'epoch': 1.76}
{'loss': 1.3801, 'grad_norm': 0.8957489728927612, 'learning_rate': 7.235990473094044e-05, 'epoch': 1.77}
{'loss': 1.4028, 'grad_norm': 0.849258303642273, 'learning_rate': 7.200220203577017e-05, 'epoch': 1.77}
{'loss': 1.3804, 'grad_norm': 1.006718635559082, 'learning_rate': 7.16448876250305e-05, 'epoch': 1.77}
{'loss': 1.4235, 'grad_norm': 0.917465090751648, 'learning_rate': 7.128796645409774e-05, 'epoch': 1.78}
{'loss': 1.3683, 'grad_norm': 0.8922792673110962, 'learning_rate': 7.093144347289446e-05, 'epoch': 1.78}
{'loss': 1.3441, 'grad_norm': 0.9814882874488831, 'learning_rate': 7.057532362582103e-05, 'epoch': 1.78}
{'loss': 1.4088, 'grad_norm': 1.0467606782913208, 'learning_rate': 7.021961185168705e-05, 'epoch': 1.79}
{'loss': 1.4124, 'grad_norm': 0.9729444980621338, 'learning_rate': 6.986431308364268e-05, 'epoch': 1.79}
{'loss': 1.3409, 'grad_norm': 0.8550527095794678, 'learning_rate': 6.95094322491105e-05, 'epoch': 1.8}
{'loss': 1.3855, 'grad_norm': 0.8899702429771423, 'learning_rate': 6.915497426971695e-05, 'epoch': 1.8}
{'loss': 1.3709, 'grad_norm': 0.8846943378448486, 'learning_rate': 6.880094406122407e-05, 'epoch': 1.8}
{'loss': 1.3578, 'grad_norm': 0.8403403759002686, 'learning_rate': 6.844734653346158e-05, 'epoch': 1.81}
{'loss': 1.4353, 'grad_norm': 0.8575566411018372, 'learning_rate': 6.80941865902585e-05, 'epoch': 1.81}
{'loss': 1.4011, 'grad_norm': 0.9453527927398682, 'learning_rate': 6.774146912937523e-05, 'epoch': 1.81}
{'loss': 1.4491, 'grad_norm': 0.8844296932220459, 'learning_rate': 6.738919904243575e-05, 'epoch': 1.82}
{'loss': 1.3986, 'grad_norm': 0.965833842754364, 'learning_rate': 6.703738121485957e-05, 'epoch': 1.82}
{'loss': 1.387, 'grad_norm': 0.920377254486084, 'learning_rate': 6.668602052579424e-05, 'epoch': 1.82}
{'loss': 1.3878, 'grad_norm': 0.9148062467575073, 'learning_rate': 6.633512184804739e-05, 'epoch': 1.83}
{'loss': 1.4106, 'grad_norm': 1.1189641952514648, 'learning_rate': 6.598469004801937e-05, 'epoch': 1.83}
{'loss': 1.3271, 'grad_norm': 0.906502366065979, 'learning_rate': 6.563472998563566e-05, 'epoch': 1.83}
{'loss': 1.3718, 'grad_norm': 0.9793937802314758, 'learning_rate': 6.528524651427951e-05, 'epoch': 1.84}
{'loss': 1.3877, 'grad_norm': 0.8763196468353271, 'learning_rate': 6.493624448072457e-05, 'epoch': 1.84}
{'loss': 1.4002, 'grad_norm': 0.9138504862785339, 'learning_rate': 6.458772872506785e-05, 'epoch': 1.85}
{'loss': 1.4058, 'grad_norm': 0.9093302488327026, 'learning_rate': 6.423970408066228e-05, 'epoch': 1.85}
{'loss': 1.379, 'grad_norm': 0.943215548992157, 'learning_rate': 6.38921753740501e-05, 'epoch': 1.85}
{'loss': 1.392, 'grad_norm': 0.8868152499198914, 'learning_rate': 6.35451474248955e-05, 'epoch': 1.86}
{'loss': 1.3495, 'grad_norm': 0.8154999017715454, 'learning_rate': 6.319862504591796e-05, 'epoch': 1.86}
{'loss': 1.4033, 'grad_norm': 0.9365752935409546, 'learning_rate': 6.285261304282572e-05, 'epoch': 1.86}
{'loss': 1.3855, 'grad_norm': 0.9104465246200562, 'learning_rate': 6.25071162142487e-05, 'epoch': 1.87}
{'loss': 1.4388, 'grad_norm': 0.7993925213813782, 'learning_rate': 6.21621393516723e-05, 'epoch': 1.87}
{'loss': 1.3789, 'grad_norm': 0.985928475856781, 'learning_rate': 6.18176872393708e-05, 'epoch': 1.87}
{'loss': 1.3774, 'grad_norm': 0.940788209438324, 'learning_rate': 6.1473764654341e-05, 'epoch': 1.88}
{'loss': 1.3866, 'grad_norm': 0.9335907697677612, 'learning_rate': 6.11303763662361e-05, 'epoch': 1.88}
{'loss': 1.436, 'grad_norm': 0.8610374331474304, 'learning_rate': 6.078752713729941e-05, 'epoch': 1.88}
{'loss': 1.3769, 'grad_norm': 1.0162569284439087, 'learning_rate': 6.044522172229827e-05, 'epoch': 1.89}
{'loss': 1.3689, 'grad_norm': 0.8822919726371765, 'learning_rate': 6.010346486845837e-05, 'epoch': 1.89}
{'loss': 1.3796, 'grad_norm': 0.9751006960868835, 'learning_rate': 5.976226131539762e-05, 'epoch': 1.9}
{'loss': 1.414, 'grad_norm': 0.9157801270484924, 'learning_rate': 5.942161579506051e-05, 'epoch': 1.9}
{'loss': 1.3649, 'grad_norm': 0.8764054775238037, 'learning_rate': 5.9081533031652636e-05, 'epoch': 1.9}
{'loss': 1.4026, 'grad_norm': 0.937639594078064, 'learning_rate': 5.874201774157495e-05, 'epoch': 1.91}
{'loss': 1.3789, 'grad_norm': 0.9301568269729614, 'learning_rate': 5.840307463335856e-05, 'epoch': 1.91}
{'loss': 1.4296, 'grad_norm': 0.9455569982528687, 'learning_rate': 5.80647084075992e-05, 'epoch': 1.91}
{'loss': 1.4065, 'grad_norm': 0.8517028093338013, 'learning_rate': 5.7726923756892285e-05, 'epoch': 1.92}
{'loss': 1.3887, 'grad_norm': 0.9238274693489075, 'learning_rate': 5.738972536576773e-05, 'epoch': 1.92}
{'loss': 1.4036, 'grad_norm': 0.8272556662559509, 'learning_rate': 5.705311791062483e-05, 'epoch': 1.92}
{'loss': 1.397, 'grad_norm': 0.8978344798088074, 'learning_rate': 5.6717106059667694e-05, 'epoch': 1.93}
{'loss': 1.4168, 'grad_norm': 0.9247321486473083, 'learning_rate': 5.63816944728403e-05, 'epoch': 1.93}
{'loss': 1.4407, 'grad_norm': 1.0254151821136475, 'learning_rate': 5.604688780176197e-05, 'epoch': 1.93}
{'loss': 1.3995, 'grad_norm': 0.8413483500480652, 'learning_rate': 5.571269068966268e-05, 'epoch': 1.94}
{'loss': 1.399, 'grad_norm': 0.8885301947593689, 'learning_rate': 5.537910777131906e-05, 'epoch': 1.94}
{'loss': 1.3703, 'grad_norm': 0.8776341676712036, 'learning_rate': 5.504614367298955e-05, 'epoch': 1.94}
{'loss': 1.3808, 'grad_norm': 1.0224425792694092, 'learning_rate': 5.471380301235085e-05, 'epoch': 1.95}
{'loss': 1.3568, 'grad_norm': 1.0086519718170166, 'learning_rate': 5.438209039843333e-05, 'epoch': 1.95}
{'loss': 1.385, 'grad_norm': 0.859375536441803, 'learning_rate': 5.4051010431557515e-05, 'epoch': 1.96}
{'loss': 1.3885, 'grad_norm': 0.9153213500976562, 'learning_rate': 5.372056770327013e-05, 'epoch': 1.96}
{'loss': 1.3964, 'grad_norm': 0.9769510626792908, 'learning_rate': 5.339076679628031e-05, 'epoch': 1.96}
{'loss': 1.3552, 'grad_norm': 0.9097728729248047, 'learning_rate': 5.3061612284396265e-05, 'epoch': 1.97}
{'loss': 1.3788, 'grad_norm': 0.8833892941474915, 'learning_rate': 5.273310873246173e-05, 'epoch': 1.97}
{'loss': 1.3872, 'grad_norm': 1.0055654048919678, 'learning_rate': 5.240526069629265e-05, 'epoch': 1.97}
{'loss': 1.3838, 'grad_norm': 0.8912597298622131, 'learning_rate': 5.207807272261402e-05, 'epoch': 1.98}
{'loss': 1.4258, 'grad_norm': 0.8666661381721497, 'learning_rate': 5.175154934899691e-05, 'epoch': 1.98}
{'loss': 1.4183, 'grad_norm': 0.971983015537262, 'learning_rate': 5.1425695103795225e-05, 'epoch': 1.98}
{'loss': 1.3682, 'grad_norm': 0.9723671674728394, 'learning_rate': 5.110051450608347e-05, 'epoch': 1.99}
{'loss': 1.4429, 'grad_norm': 0.8515704870223999, 'learning_rate': 5.077601206559346e-05, 'epoch': 1.99}
{'loss': 1.4354, 'grad_norm': 0.9365695118904114, 'learning_rate': 5.045219228265219e-05, 'epoch': 1.99}
{'loss': 1.4567, 'grad_norm': 0.9757280349731445, 'learning_rate': 5.0129059648119323e-05, 'epoch': 2.0}
{'eval_loss': 1.3936067819595337, 'eval_runtime': 103.3626, 'eval_samples_per_second': 24.187, 'eval_steps_per_second': 3.028, 'epoch': 2.0}
{'loss': 1.389, 'grad_norm': 0.9652715921401978, 'learning_rate': 4.9806618643324696e-05, 'epoch': 2.0}
{'loss': 1.3214, 'grad_norm': 0.8841261863708496, 'learning_rate': 4.948487374000665e-05, 'epoch': 2.01}
{'loss': 1.3384, 'grad_norm': 0.9284843802452087, 'learning_rate': 4.916382940024944e-05, 'epoch': 2.01}
{'loss': 1.4006, 'grad_norm': 0.821818470954895, 'learning_rate': 4.884349007642176e-05, 'epoch': 2.01}
{'loss': 1.396, 'grad_norm': 0.8869555592536926, 'learning_rate': 4.852386021111486e-05, 'epoch': 2.02}
{'loss': 1.3722, 'grad_norm': 0.8557063937187195, 'learning_rate': 4.8204944237080975e-05, 'epoch': 2.02}
{'loss': 1.381, 'grad_norm': 0.8540860414505005, 'learning_rate': 4.788674657717165e-05, 'epoch': 2.02}
{'loss': 1.3804, 'grad_norm': 0.8364145755767822, 'learning_rate': 4.756927164427685e-05, 'epoch': 2.03}
{'loss': 1.3875, 'grad_norm': 0.8100036382675171, 'learning_rate': 4.7252523841263194e-05, 'epoch': 2.03}
{'loss': 1.3968, 'grad_norm': 0.9548829197883606, 'learning_rate': 4.6936507560913355e-05, 'epoch': 2.03}
{'loss': 1.4167, 'grad_norm': 0.9455530047416687, 'learning_rate': 4.6621227185864935e-05, 'epoch': 2.04}
{'loss': 1.339, 'grad_norm': 0.9992237687110901, 'learning_rate': 4.6306687088549596e-05, 'epoch': 2.04}
{'loss': 1.3169, 'grad_norm': 0.9857777953147888, 'learning_rate': 4.599289163113276e-05, 'epoch': 2.04}
{'loss': 1.4177, 'grad_norm': 0.9277333617210388, 'learning_rate': 4.567984516545267e-05, 'epoch': 2.05}
{'loss': 1.3749, 'grad_norm': 0.8913953900337219, 'learning_rate': 4.536755203296038e-05, 'epoch': 2.05}
{'loss': 1.381, 'grad_norm': 0.953412652015686, 'learning_rate': 4.50560165646594e-05, 'epoch': 2.06}
{'loss': 1.4167, 'grad_norm': 0.9469464421272278, 'learning_rate': 4.474524308104564e-05, 'epoch': 2.06}
{'loss': 1.4249, 'grad_norm': 0.9156636595726013, 'learning_rate': 4.443523589204753e-05, 'epoch': 2.06}
{'loss': 1.38, 'grad_norm': 1.033389687538147, 'learning_rate': 4.412599929696627e-05, 'epoch': 2.07}
{'loss': 1.3762, 'grad_norm': 0.916731595993042, 'learning_rate': 4.3817537584416e-05, 'epoch': 2.07}
{'loss': 1.3619, 'grad_norm': 0.8281790018081665, 'learning_rate': 4.350985503226465e-05, 'epoch': 2.07}
{'loss': 1.3991, 'grad_norm': 0.939081072807312, 'learning_rate': 4.320295590757443e-05, 'epoch': 2.08}
{'loss': 1.3635, 'grad_norm': 1.0109113454818726, 'learning_rate': 4.289684446654251e-05, 'epoch': 2.08}
{'loss': 1.3718, 'grad_norm': 0.9518800973892212, 'learning_rate': 4.259152495444243e-05, 'epoch': 2.08}
{'loss': 1.4126, 'grad_norm': 0.9911816120147705, 'learning_rate': 4.228700160556469e-05, 'epoch': 2.09}
{'loss': 1.3805, 'grad_norm': 0.851474940776825, 'learning_rate': 4.198327864315843e-05, 'epoch': 2.09}
{'loss': 1.4012, 'grad_norm': 0.8670279383659363, 'learning_rate': 4.168036027937267e-05, 'epoch': 2.09}
{'loss': 1.375, 'grad_norm': 0.9635705351829529, 'learning_rate': 4.1378250715197954e-05, 'epoch': 2.1}
{'loss': 1.309, 'grad_norm': 0.8692865967750549, 'learning_rate': 4.107695414040812e-05, 'epoch': 2.1}
{'loss': 1.3944, 'grad_norm': 0.966770589351654, 'learning_rate': 4.077647473350201e-05, 'epoch': 2.1}
{'loss': 1.399, 'grad_norm': 0.8421078324317932, 'learning_rate': 4.047681666164582e-05, 'epoch': 2.11}
{'loss': 1.4119, 'grad_norm': 0.9344016313552856, 'learning_rate': 4.017798408061506e-05, 'epoch': 2.11}
{'loss': 1.3679, 'grad_norm': 0.895266056060791, 'learning_rate': 3.987998113473709e-05, 'epoch': 2.12}
{'loss': 1.4217, 'grad_norm': 0.8599703311920166, 'learning_rate': 3.958281195683339e-05, 'epoch': 2.12}
{'loss': 1.3741, 'grad_norm': 1.030745506286621, 'learning_rate': 3.928648066816267e-05, 'epoch': 2.12}
{'loss': 1.3928, 'grad_norm': 0.864044725894928, 'learning_rate': 3.899099137836323e-05, 'epoch': 2.13}
{'loss': 1.388, 'grad_norm': 0.9739710688591003, 'learning_rate': 3.8696348185396405e-05, 'epoch': 2.13}
{'loss': 1.3686, 'grad_norm': 0.9075969457626343, 'learning_rate': 3.840255517548932e-05, 'epoch': 2.13}
{'loss': 1.3781, 'grad_norm': 0.9104117155075073, 'learning_rate': 3.81096164230786e-05, 'epoch': 2.14}
{'loss': 1.3485, 'grad_norm': 0.9597028493881226, 'learning_rate': 3.7817535990753626e-05, 'epoch': 2.14}
{'loss': 1.3795, 'grad_norm': 0.9431496262550354, 'learning_rate': 3.752631792920022e-05, 'epoch': 2.14}
{'loss': 1.3455, 'grad_norm': 0.9359068274497986, 'learning_rate': 3.723596627714455e-05, 'epoch': 2.15}
{'loss': 1.3844, 'grad_norm': 0.8616026043891907, 'learning_rate': 3.6946485061297106e-05, 'epoch': 2.15}
{'loss': 1.3856, 'grad_norm': 0.9624854326248169, 'learning_rate': 3.665787829629679e-05, 'epoch': 2.15}
{'loss': 1.4028, 'grad_norm': 0.8250898718833923, 'learning_rate': 3.637014998465527e-05, 'epoch': 2.16}
{'loss': 1.3739, 'grad_norm': 1.0069383382797241, 'learning_rate': 3.6083304116701535e-05, 'epoch': 2.16}
{'loss': 1.4192, 'grad_norm': 1.000168800354004, 'learning_rate': 3.579734467052634e-05, 'epoch': 2.17}
{'loss': 1.3523, 'grad_norm': 0.9432047009468079, 'learning_rate': 3.5512275611927495e-05, 'epoch': 2.17}
{'loss': 1.3608, 'grad_norm': 0.9496907591819763, 'learning_rate': 3.522810089435422e-05, 'epoch': 2.17}
{'loss': 1.3917, 'grad_norm': 1.031916856765747, 'learning_rate': 3.494482445885291e-05, 'epoch': 2.18}
{'loss': 1.3526, 'grad_norm': 0.9161025285720825, 'learning_rate': 3.4662450234012156e-05, 'epoch': 2.18}
{'loss': 1.3709, 'grad_norm': 0.9989777207374573, 'learning_rate': 3.4380982135908245e-05, 'epoch': 2.18}
{'loss': 1.4033, 'grad_norm': 0.9234856963157654, 'learning_rate': 3.410042406805115e-05, 'epoch': 2.19}
{'loss': 1.3682, 'grad_norm': 0.9622353911399841, 'learning_rate': 3.3820779921329984e-05, 'epoch': 2.19}
{'loss': 1.3855, 'grad_norm': 0.947651207447052, 'learning_rate': 3.3542053573959354e-05, 'epoch': 2.19}
{'loss': 1.4055, 'grad_norm': 0.8925947546958923, 'learning_rate': 3.326424889142543e-05, 'epoch': 2.2}
{'loss': 1.3938, 'grad_norm': 0.9782695770263672, 'learning_rate': 3.298736972643243e-05, 'epoch': 2.2}
{'loss': 1.353, 'grad_norm': 1.0073087215423584, 'learning_rate': 3.271141991884897e-05, 'epoch': 2.2}
{'loss': 1.3843, 'grad_norm': 0.941902756690979, 'learning_rate': 3.2436403295655246e-05, 'epoch': 2.21}
{'loss': 1.3377, 'grad_norm': 0.9285414814949036, 'learning_rate': 3.21623236708894e-05, 'epoch': 2.21}
{'loss': 1.4027, 'grad_norm': 0.9901722073554993, 'learning_rate': 3.18891848455951e-05, 'epoch': 2.22}
{'loss': 1.3579, 'grad_norm': 0.948668897151947, 'learning_rate': 3.1616990607768594e-05, 'epoch': 2.22}
{'loss': 1.4207, 'grad_norm': 1.0688140392303467, 'learning_rate': 3.134574473230612e-05, 'epoch': 2.22}
{'loss': 1.3528, 'grad_norm': 0.9400774240493774, 'learning_rate': 3.107545098095188e-05, 'epoch': 2.23}
{'loss': 1.3403, 'grad_norm': 0.9936411380767822, 'learning_rate': 3.080611310224539e-05, 'epoch': 2.23}
{'loss': 1.3581, 'grad_norm': 0.8941102027893066, 'learning_rate': 3.053773483146992e-05, 'epoch': 2.23}
{'loss': 1.4233, 'grad_norm': 0.9477381110191345, 'learning_rate': 3.0270319890600462e-05, 'epoch': 2.24}
{'loss': 1.4137, 'grad_norm': 1.0387922525405884, 'learning_rate': 3.0003871988252208e-05, 'epoch': 2.24}
{'loss': 1.3319, 'grad_norm': 0.9492588043212891, 'learning_rate': 2.9738394819628955e-05, 'epoch': 2.24}
{'loss': 1.3867, 'grad_norm': 0.7914555072784424, 'learning_rate': 2.947389206647222e-05, 'epoch': 2.25}
{'loss': 1.3952, 'grad_norm': 0.8634997010231018, 'learning_rate': 2.9210367397009696e-05, 'epoch': 2.25}
{'loss': 1.3394, 'grad_norm': 1.0025757551193237, 'learning_rate': 2.8947824465904784e-05, 'epoch': 2.25}
{'loss': 1.3776, 'grad_norm': 0.9030081629753113, 'learning_rate': 2.8686266914205727e-05, 'epoch': 2.26}
{'loss': 1.3666, 'grad_norm': 0.9160409569740295, 'learning_rate': 2.842569836929504e-05, 'epoch': 2.26}
{'loss': 1.3613, 'grad_norm': 0.9097691774368286, 'learning_rate': 2.8166122444839493e-05, 'epoch': 2.26}
{'loss': 1.38, 'grad_norm': 0.9617565870285034, 'learning_rate': 2.790754274073961e-05, 'epoch': 2.27}
{'loss': 1.4007, 'grad_norm': 0.8603552579879761, 'learning_rate': 2.764996284308006e-05, 'epoch': 2.27}
{'loss': 1.3577, 'grad_norm': 0.8991447687149048, 'learning_rate': 2.7393386324079786e-05, 'epoch': 2.28}
{'loss': 1.3677, 'grad_norm': 0.9795792698860168, 'learning_rate': 2.7137816742042444e-05, 'epoch': 2.28}
{'loss': 1.4141, 'grad_norm': 0.9307007193565369, 'learning_rate': 2.688325764130718e-05, 'epoch': 2.28}
{'loss': 1.3962, 'grad_norm': 0.9133563041687012, 'learning_rate': 2.662971255219925e-05, 'epoch': 2.29}
{'loss': 1.376, 'grad_norm': 0.9581493735313416, 'learning_rate': 2.637718499098132e-05, 'epoch': 2.29}
{'loss': 1.4058, 'grad_norm': 0.9683863520622253, 'learning_rate': 2.6125678459804527e-05, 'epoch': 2.29}
{'loss': 1.4098, 'grad_norm': 0.8670394420623779, 'learning_rate': 2.587519644666001e-05, 'epoch': 2.3}
{'loss': 1.3773, 'grad_norm': 0.9617373943328857, 'learning_rate': 2.562574242533038e-05, 'epoch': 2.3}
{'loss': 1.3849, 'grad_norm': 1.0454432964324951, 'learning_rate': 2.537731985534183e-05, 'epoch': 2.3}
{'loss': 1.3686, 'grad_norm': 0.9277845621109009, 'learning_rate': 2.5129932181915784e-05, 'epoch': 2.31}
{'loss': 1.3793, 'grad_norm': 0.9065943956375122, 'learning_rate': 2.4883582835921516e-05, 'epoch': 2.31}
{'loss': 1.3943, 'grad_norm': 0.9162551164627075, 'learning_rate': 2.463827523382819e-05, 'epoch': 2.31}
{'loss': 1.4059, 'grad_norm': 0.9664323925971985, 'learning_rate': 2.439401277765776e-05, 'epoch': 2.32}
{'loss': 1.3882, 'grad_norm': 0.8951643705368042, 'learning_rate': 2.4150798854937683e-05, 'epoch': 2.32}
{'loss': 1.4026, 'grad_norm': 0.9187758564949036, 'learning_rate': 2.3908636838653876e-05, 'epoch': 2.33}
{'loss': 1.3823, 'grad_norm': 0.8690375685691833, 'learning_rate': 2.366753008720406e-05, 'epoch': 2.33}
{'loss': 1.3525, 'grad_norm': 0.88914954662323, 'learning_rate': 2.3427481944351148e-05, 'epoch': 2.33}
{'loss': 1.3618, 'grad_norm': 0.874507486820221, 'learning_rate': 2.3188495739176796e-05, 'epoch': 2.34}
{'loss': 1.3885, 'grad_norm': 0.964698851108551, 'learning_rate': 2.295057478603535e-05, 'epoch': 2.34}
{'loss': 1.3848, 'grad_norm': 0.9496080279350281, 'learning_rate': 2.2713722384507807e-05, 'epoch': 2.34}
{'loss': 1.3715, 'grad_norm': 0.95894455909729, 'learning_rate': 2.2477941819355986e-05, 'epoch': 2.35}
{'loss': 1.3777, 'grad_norm': 0.9738847613334656, 'learning_rate': 2.224323636047725e-05, 'epoch': 2.35}
{'loss': 1.3725, 'grad_norm': 1.0270156860351562, 'learning_rate': 2.2009609262858753e-05, 'epoch': 2.35}
{'loss': 1.3174, 'grad_norm': 0.9364817142486572, 'learning_rate': 2.1777063766532648e-05, 'epoch': 2.36}
{'loss': 1.3661, 'grad_norm': 1.04639732837677, 'learning_rate': 2.1545603096530996e-05, 'epoch': 2.36}
{'loss': 1.3741, 'grad_norm': 0.9436104893684387, 'learning_rate': 2.1315230462840985e-05, 'epoch': 2.36}
{'loss': 1.3951, 'grad_norm': 0.9663729667663574, 'learning_rate': 2.1085949060360654e-05, 'epoch': 2.37}
{'loss': 1.3371, 'grad_norm': 0.7976621389389038, 'learning_rate': 2.0857762068854226e-05, 'epoch': 2.37}
{'loss': 1.4044, 'grad_norm': 0.8607205152511597, 'learning_rate': 2.0630672652908323e-05, 'epoch': 2.38}
{'loss': 1.4052, 'grad_norm': 1.046988606452942, 'learning_rate': 2.0404683961887926e-05, 'epoch': 2.38}
{'loss': 1.3554, 'grad_norm': 1.0500659942626953, 'learning_rate': 2.0179799129892774e-05, 'epoch': 2.38}
{'loss': 1.3775, 'grad_norm': 0.921314001083374, 'learning_rate': 1.995602127571373e-05, 'epoch': 2.39}
{'loss': 1.3719, 'grad_norm': 0.9219902753829956, 'learning_rate': 1.9733353502789855e-05, 'epoch': 2.39}
{'loss': 1.3583, 'grad_norm': 0.9000046849250793, 'learning_rate': 1.951179889916498e-05, 'epoch': 2.39}
{'loss': 1.4121, 'grad_norm': 0.9250631928443909, 'learning_rate': 1.9291360537445156e-05, 'epoch': 2.4}
{'loss': 1.4126, 'grad_norm': 0.9984095096588135, 'learning_rate': 1.9072041474755985e-05, 'epoch': 2.4}
{'loss': 1.3701, 'grad_norm': 0.8983481526374817, 'learning_rate': 1.8853844752700056e-05, 'epoch': 2.4}
{'loss': 1.341, 'grad_norm': 0.9351019859313965, 'learning_rate': 1.863677339731511e-05, 'epoch': 2.41}
{'loss': 1.3913, 'grad_norm': 1.0312435626983643, 'learning_rate': 1.8420830419031665e-05, 'epoch': 2.41}
{'loss': 1.3937, 'grad_norm': 0.9613815546035767, 'learning_rate': 1.8206018812631552e-05, 'epoch': 2.41}
{'loss': 1.3506, 'grad_norm': 0.9777287244796753, 'learning_rate': 1.7992341557206305e-05, 'epoch': 2.42}
{'loss': 1.4136, 'grad_norm': 0.8909690976142883, 'learning_rate': 1.7801004346949756e-05, 'epoch': 2.42}
{'loss': 1.3804, 'grad_norm': 0.9086315631866455, 'learning_rate': 1.7589490509397945e-05, 'epoch': 2.42}
{'loss': 1.406, 'grad_norm': 0.8861448168754578, 'learning_rate': 1.7379119573076972e-05, 'epoch': 2.43}
{'loss': 1.3535, 'grad_norm': 0.8955860733985901, 'learning_rate': 1.7169894455493506e-05, 'epoch': 2.43}
{'loss': 1.3681, 'grad_norm': 0.9871403574943542, 'learning_rate': 1.6961818058263378e-05, 'epoch': 2.44}
{'loss': 1.3296, 'grad_norm': 0.9784349203109741, 'learning_rate': 1.675489326707159e-05, 'epoch': 2.44}
{'loss': 1.3225, 'grad_norm': 0.9481726288795471, 'learning_rate': 1.6549122951632223e-05, 'epoch': 2.44}
{'loss': 1.3602, 'grad_norm': 0.8802825808525085, 'learning_rate': 1.6344509965648613e-05, 'epoch': 2.45}
{'loss': 1.3941, 'grad_norm': 1.0354355573654175, 'learning_rate': 1.614105714677383e-05, 'epoch': 2.45}
{'loss': 1.3682, 'grad_norm': 0.9454002380371094, 'learning_rate': 1.593876731657127e-05, 'epoch': 2.45}
{'loss': 1.3863, 'grad_norm': 0.9181206822395325, 'learning_rate': 1.573764328047551e-05, 'epoch': 2.46}
{'loss': 1.3644, 'grad_norm': 0.9983753561973572, 'learning_rate': 1.553768782775351e-05, 'epoch': 2.46}
{'loss': 1.4009, 'grad_norm': 0.9265280961990356, 'learning_rate': 1.5338903731465837e-05, 'epoch': 2.46}
{'loss': 1.3309, 'grad_norm': 1.006994366645813, 'learning_rate': 1.5141293748428132e-05, 'epoch': 2.47}
{'loss': 1.3934, 'grad_norm': 1.0470218658447266, 'learning_rate': 1.4944860619173174e-05, 'epoch': 2.47}
{'loss': 1.401, 'grad_norm': 0.8941435813903809, 'learning_rate': 1.4749607067912441e-05, 'epoch': 2.47}
{'loss': 1.3507, 'grad_norm': 0.9689663052558899, 'learning_rate': 1.4555535802498776e-05, 'epoch': 2.48}
{'loss': 1.3588, 'grad_norm': 0.9258493781089783, 'learning_rate': 1.436264951438845e-05, 'epoch': 2.48}
{'loss': 1.3698, 'grad_norm': 1.06740140914917, 'learning_rate': 1.4170950878604083e-05, 'epoch': 2.49}
{'loss': 1.3514, 'grad_norm': 0.8694847822189331, 'learning_rate': 1.3980442553697481e-05, 'epoch': 2.49}
{'loss': 1.3508, 'grad_norm': 0.9281371831893921, 'learning_rate': 1.3791127181712726e-05, 'epoch': 2.49}
{'loss': 1.3775, 'grad_norm': 0.9683162569999695, 'learning_rate': 1.3603007388149525e-05, 'epoch': 2.5}
{'loss': 1.3718, 'grad_norm': 1.0369864702224731, 'learning_rate': 1.34160857819269e-05, 'epoch': 2.5}
{'loss': 1.3964, 'grad_norm': 0.9857776761054993, 'learning_rate': 1.3230364955346919e-05, 'epoch': 2.5}
{'loss': 1.3563, 'grad_norm': 0.9066343903541565, 'learning_rate': 1.3045847484058748e-05, 'epoch': 2.51}
{'loss': 1.3605, 'grad_norm': 0.9718853831291199, 'learning_rate': 1.2862535927023e-05, 'epoch': 2.51}
{'loss': 1.3326, 'grad_norm': 0.8834065198898315, 'learning_rate': 1.2680432826476097e-05, 'epoch': 2.51}
{'loss': 1.3838, 'grad_norm': 0.8996132016181946, 'learning_rate': 1.2499540707895252e-05, 'epoch': 2.52}
{'loss': 1.3918, 'grad_norm': 1.049057126045227, 'learning_rate': 1.2319862079963185e-05, 'epoch': 2.52}
{'loss': 1.3825, 'grad_norm': 0.903658390045166, 'learning_rate': 1.2141399434533519e-05, 'epoch': 2.52}
{'loss': 1.3713, 'grad_norm': 1.0046496391296387, 'learning_rate': 1.1964155246596131e-05, 'epoch': 2.53}
{'loss': 1.3985, 'grad_norm': 0.999933123588562, 'learning_rate': 1.1788131974242855e-05, 'epoch': 2.53}
{'loss': 1.385, 'grad_norm': 0.8804616928100586, 'learning_rate': 1.1613332058633374e-05, 'epoch': 2.54}
{'loss': 1.3846, 'grad_norm': 0.9289401769638062, 'learning_rate': 1.1439757923961426e-05, 'epoch': 2.54}
{'loss': 1.3966, 'grad_norm': 0.9312835931777954, 'learning_rate': 1.1267411977421094e-05, 'epoch': 2.54}
{'loss': 1.3687, 'grad_norm': 0.8583264946937561, 'learning_rate': 1.1096296609173495e-05, 'epoch': 2.55}
{'loss': 1.3967, 'grad_norm': 0.9104340076446533, 'learning_rate': 1.0926414192313605e-05, 'epoch': 2.55}
{'loss': 1.3512, 'grad_norm': 1.0085458755493164, 'learning_rate': 1.0757767082837266e-05, 'epoch': 2.55}
{'loss': 1.4036, 'grad_norm': 0.9166333079338074, 'learning_rate': 1.059035761960876e-05, 'epoch': 2.56}
{'loss': 1.4243, 'grad_norm': 0.9296411275863647, 'learning_rate': 1.0424188124328038e-05, 'epoch': 2.56}
{'loss': 1.3782, 'grad_norm': 0.8690078854560852, 'learning_rate': 1.025926090149878e-05, 'epoch': 2.56}
{'loss': 1.3827, 'grad_norm': 0.8979781866073608, 'learning_rate': 1.009557823839634e-05, 'epoch': 2.57}
{'loss': 1.4202, 'grad_norm': 0.894188642501831, 'learning_rate': 9.933142405035956e-06, 'epoch': 2.57}
{'loss': 1.4268, 'grad_norm': 0.872509777545929, 'learning_rate': 9.771955654141496e-06, 'epoch': 2.57}
{'loss': 1.4089, 'grad_norm': 0.9769985675811768, 'learning_rate': 9.612020221113882e-06, 'epoch': 2.58}
{'loss': 1.4117, 'grad_norm': 0.8947529196739197, 'learning_rate': 9.453338324000404e-06, 'epoch': 2.58}
{'loss': 1.3573, 'grad_norm': 0.9765017032623291, 'learning_rate': 9.295912163463748e-06, 'epoch': 2.58}
{'loss': 1.3777, 'grad_norm': 0.8598450422286987, 'learning_rate': 9.13974392275163e-06, 'epoch': 2.59}
{'loss': 1.3958, 'grad_norm': 0.9436641335487366, 'learning_rate': 8.98483576766631e-06, 'epoch': 2.59}
{'loss': 1.3483, 'grad_norm': 0.9055685997009277, 'learning_rate': 8.831189846534871e-06, 'epoch': 2.6}
{'loss': 1.4121, 'grad_norm': 0.8965317606925964, 'learning_rate': 8.678808290179052e-06, 'epoch': 2.6}
{'loss': 1.4392, 'grad_norm': 1.0804774761199951, 'learning_rate': 8.527693211886022e-06, 'epoch': 2.6}
{'loss': 1.3357, 'grad_norm': 0.9694673418998718, 'learning_rate': 8.377846707378889e-06, 'epoch': 2.61}
{'loss': 1.4013, 'grad_norm': 1.0184943675994873, 'learning_rate': 8.229270854787641e-06, 'epoch': 2.61}
{'loss': 1.3761, 'grad_norm': 1.0178369283676147, 'learning_rate': 8.081967714620464e-06, 'epoch': 2.61}
{'loss': 1.3495, 'grad_norm': 0.917803168296814, 'learning_rate': 7.935939329734964e-06, 'epoch': 2.62}
{'loss': 1.384, 'grad_norm': 1.1728163957595825, 'learning_rate': 7.791187725310012e-06, 'epoch': 2.62}
{'loss': 1.3521, 'grad_norm': 0.8646299242973328, 'learning_rate': 7.647714908817571e-06, 'epoch': 2.62}
{'loss': 1.3618, 'grad_norm': 0.9255889654159546, 'learning_rate': 7.505522869994863e-06, 'epoch': 2.63}
{'loss': 1.3665, 'grad_norm': 0.9412217140197754, 'learning_rate': 7.3646135808167925e-06, 'epoch': 2.63}
{'loss': 1.4026, 'grad_norm': 0.9220743775367737, 'learning_rate': 7.224988995468585e-06, 'epoch': 2.63}
{'loss': 1.4141, 'grad_norm': 1.0023597478866577, 'learning_rate': 7.086651050318671e-06, 'epoch': 2.64}
{'loss': 1.3827, 'grad_norm': 0.921389102935791, 'learning_rate': 6.949601663891891e-06, 'epoch': 2.64}
{'loss': 1.4096, 'grad_norm': 0.8612409234046936, 'learning_rate': 6.813842736842824e-06, 'epoch': 2.65}
{'loss': 1.381, 'grad_norm': 0.906048595905304, 'learning_rate': 6.6793761519294284e-06, 'epoch': 2.65}
{'loss': 1.4078, 'grad_norm': 0.9519825577735901, 'learning_rate': 6.546203773987026e-06, 'epoch': 2.65}
{'loss': 1.3874, 'grad_norm': 0.8567510843276978, 'learning_rate': 6.4143274499022685e-06, 'epoch': 2.66}
{'loss': 1.3714, 'grad_norm': 0.8330884575843811, 'learning_rate': 6.283749008587758e-06, 'epoch': 2.66}
{'loss': 1.3932, 'grad_norm': 1.1418744325637817, 'learning_rate': 6.154470260956413e-06, 'epoch': 2.66}
{'loss': 1.4065, 'grad_norm': 0.8697127103805542, 'learning_rate': 6.026492999896582e-06, 'epoch': 2.67}
{'loss': 1.375, 'grad_norm': 0.9251474738121033, 'learning_rate': 5.899819000247053e-06, 'epoch': 2.67}
{'loss': 1.3737, 'grad_norm': 0.9226895570755005, 'learning_rate': 5.7744500187724704e-06, 'epoch': 2.67}
{'loss': 1.3884, 'grad_norm': 1.0097925662994385, 'learning_rate': 5.650387794138989e-06, 'epoch': 2.68}
{'loss': 1.3904, 'grad_norm': 0.9428810477256775, 'learning_rate': 5.52763404689014e-06, 'epoch': 2.68}
{'loss': 1.3545, 'grad_norm': 0.9860815405845642, 'learning_rate': 5.40619047942299e-06, 'epoch': 2.68}
{'loss': 1.3699, 'grad_norm': 0.9176027178764343, 'learning_rate': 5.286058775964486e-06, 'epoch': 2.69}
{'loss': 1.398, 'grad_norm': 0.968376100063324, 'learning_rate': 5.1672406025481844e-06, 'epoch': 2.69}
{'loss': 1.4035, 'grad_norm': 0.9078956842422485, 'learning_rate': 5.049737606991034e-06, 'epoch': 2.7}
{'loss': 1.3895, 'grad_norm': 0.9229515790939331, 'learning_rate': 4.933551418870652e-06, 'epoch': 2.7}
{'loss': 1.3717, 'grad_norm': 0.9060221910476685, 'learning_rate': 4.8186836495025756e-06, 'epoch': 2.7}
{'loss': 1.4141, 'grad_norm': 0.8396814465522766, 'learning_rate': 4.705135891918033e-06, 'epoch': 2.71}
{'loss': 1.3661, 'grad_norm': 0.9034456014633179, 'learning_rate': 4.5929097208418425e-06, 'epoch': 2.71}
{'loss': 1.3923, 'grad_norm': 1.046997308731079, 'learning_rate': 4.48200669267047e-06, 'epoch': 2.71}
{'loss': 1.381, 'grad_norm': 0.9416117668151855, 'learning_rate': 4.372428345450575e-06, 'epoch': 2.72}
{'loss': 1.3789, 'grad_norm': 0.9085112810134888, 'learning_rate': 4.264176198857595e-06, 'epoch': 2.72}
{'loss': 1.3657, 'grad_norm': 0.8776270151138306, 'learning_rate': 4.1572517541747294e-06, 'epoch': 2.72}
{'loss': 1.3477, 'grad_norm': 0.8687886595726013, 'learning_rate': 4.051656494272049e-06, 'epoch': 2.73}
{'loss': 1.3703, 'grad_norm': 0.9023483991622925, 'learning_rate': 3.9473918835860155e-06, 'epoch': 2.73}
{'loss': 1.3484, 'grad_norm': 0.838318943977356, 'learning_rate': 3.84445936809904e-06, 'epoch': 2.73}
{'loss': 1.3807, 'grad_norm': 0.9159971475601196, 'learning_rate': 3.7428603753196344e-06, 'epoch': 2.74}
{'loss': 1.4183, 'grad_norm': 0.8908852338790894, 'learning_rate': 3.6425963142623808e-06, 'epoch': 2.74}
{'loss': 1.3746, 'grad_norm': 0.9921548366546631, 'learning_rate': 3.5436685754285937e-06, 'epoch': 2.74}
{'loss': 1.4228, 'grad_norm': 0.9539366364479065, 'learning_rate': 3.4460785307869116e-06, 'epoch': 2.75}
{'loss': 1.3647, 'grad_norm': 0.9180269241333008, 'learning_rate': 3.3498275337542573e-06, 'epoch': 2.75}
{'loss': 1.4084, 'grad_norm': 1.000382900238037, 'learning_rate': 3.254916919177231e-06, 'epoch': 2.76}
{'loss': 1.4379, 'grad_norm': 1.0816117525100708, 'learning_rate': 3.16134800331338e-06, 'epoch': 2.76}
{'loss': 1.4004, 'grad_norm': 0.838573157787323, 'learning_rate': 3.069122083813092e-06, 'epoch': 2.76}
{'loss': 1.395, 'grad_norm': 0.8126541972160339, 'learning_rate': 2.9782404397015406e-06, 'epoch': 2.77}
{'loss': 1.3583, 'grad_norm': 0.892501175403595, 'learning_rate': 2.888704331361003e-06, 'epoch': 2.77}
{'loss': 1.3795, 'grad_norm': 0.9126439094543457, 'learning_rate': 2.8005150005132595e-06, 'epoch': 2.77}
{'loss': 1.3976, 'grad_norm': 0.9659410715103149, 'learning_rate': 2.7136736702025433e-06, 'epoch': 2.78}
{'loss': 1.3286, 'grad_norm': 0.91086745262146, 'learning_rate': 2.6281815447784187e-06, 'epoch': 2.78}
{'loss': 1.3633, 'grad_norm': 1.0414071083068848, 'learning_rate': 2.5440398098791728e-06, 'epoch': 2.78}
{'loss': 1.3975, 'grad_norm': 0.9313755035400391, 'learning_rate': 2.4612496324153742e-06, 'epoch': 2.79}
{'loss': 1.376, 'grad_norm': 0.911861777305603, 'learning_rate': 2.3798121605535963e-06, 'epoch': 2.79}
{'loss': 1.4004, 'grad_norm': 0.9928837418556213, 'learning_rate': 2.2997285237006504e-06, 'epoch': 2.79}
{'loss': 1.3855, 'grad_norm': 0.9472528100013733, 'learning_rate': 2.220999832487747e-06, 'epoch': 2.8}
{'loss': 1.3358, 'grad_norm': 0.9291706681251526, 'learning_rate': 2.1436271787552364e-06, 'epoch': 2.8}
{'loss': 1.3802, 'grad_norm': 0.9425575137138367, 'learning_rate': 2.067611635537392e-06, 'epoch': 2.81}
{'loss': 1.3422, 'grad_norm': 0.8992661237716675, 'learning_rate': 1.992954257047541e-06, 'epoch': 2.81}
{'loss': 1.4143, 'grad_norm': 0.8533572554588318, 'learning_rate': 1.9196560786634565e-06, 'epoch': 2.81}
{'loss': 1.4072, 'grad_norm': 0.859350323677063, 'learning_rate': 1.8477181169130109e-06, 'epoch': 2.82}
{'loss': 1.3701, 'grad_norm': 0.9379405379295349, 'learning_rate': 1.7771413694600115e-06, 'epoch': 2.82}
{'loss': 1.3818, 'grad_norm': 1.0278264284133911, 'learning_rate': 1.7079268150904548e-06, 'epoch': 2.82}
{'loss': 1.3835, 'grad_norm': 1.0151673555374146, 'learning_rate': 1.640075413698905e-06, 'epoch': 2.83}
{'loss': 1.4171, 'grad_norm': 0.8580014109611511, 'learning_rate': 1.573588106275159e-06, 'epoch': 2.83}
{'loss': 1.4111, 'grad_norm': 0.914496898651123, 'learning_rate': 1.5084658148912577e-06, 'epoch': 2.83}
{'loss': 1.3843, 'grad_norm': 1.1005891561508179, 'learning_rate': 1.444709442688652e-06, 'epoch': 2.84}
{'loss': 1.4368, 'grad_norm': 0.9484331607818604, 'learning_rate': 1.3823198738656783e-06, 'epoch': 2.84}
{'loss': 1.3553, 'grad_norm': 0.9463903903961182, 'learning_rate': 1.3212979736653142e-06, 'epoch': 2.84}
{'loss': 1.4269, 'grad_norm': 0.9886555075645447, 'learning_rate': 1.2616445883631979e-06, 'epoch': 2.85}
{'loss': 1.3822, 'grad_norm': 0.9736962914466858, 'learning_rate': 1.2033605452558384e-06, 'epoch': 2.85}
{'loss': 1.3915, 'grad_norm': 0.9187313914299011, 'learning_rate': 1.146446652649169e-06, 'epoch': 2.86}
{'loss': 1.3761, 'grad_norm': 0.9792558550834656, 'learning_rate': 1.0909036998473565e-06, 'epoch': 2.86}
{'loss': 1.3995, 'grad_norm': 0.9107504487037659, 'learning_rate': 1.0367324571418313e-06, 'epoch': 2.86}
{'loss': 1.3756, 'grad_norm': 1.012178897857666, 'learning_rate': 9.83933675800619e-07, 'epoch': 2.87}
{'loss': 1.3693, 'grad_norm': 0.9497920870780945, 'learning_rate': 9.325080880578818e-07, 'epoch': 2.87}
{'loss': 1.3508, 'grad_norm': 0.9758270978927612, 'learning_rate': 8.824564071038266e-07, 'epoch': 2.87}
{'loss': 1.3104, 'grad_norm': 0.8097429275512695, 'learning_rate': 8.337793270747796e-07, 'epoch': 2.88}
{'loss': 1.3888, 'grad_norm': 0.9763001799583435, 'learning_rate': 7.864775230435495e-07, 'epoch': 2.88}
{'loss': 1.3505, 'grad_norm': 0.9048124551773071, 'learning_rate': 7.405516510100907e-07, 'epoch': 2.88}
{'loss': 1.4054, 'grad_norm': 0.8432488441467285, 'learning_rate': 6.960023478923883e-07, 'epoch': 2.89}
{'loss': 1.3477, 'grad_norm': 0.9179244637489319, 'learning_rate': 6.528302315176205e-07, 'epoch': 2.89}
{'loss': 1.3762, 'grad_norm': 0.9068798422813416, 'learning_rate': 6.110359006136212e-07, 'epoch': 2.89}
{'loss': 1.4088, 'grad_norm': 0.9980774521827698, 'learning_rate': 5.706199348005426e-07, 'epoch': 2.9}
{'loss': 1.3323, 'grad_norm': 1.0674210786819458, 'learning_rate': 5.315828945828272e-07, 'epoch': 2.9}
{'loss': 1.3633, 'grad_norm': 0.9780080914497375, 'learning_rate': 4.939253213414485e-07, 'epoch': 2.9}
{'loss': 1.3831, 'grad_norm': 1.143041968345642, 'learning_rate': 4.576477373263832e-07, 'epoch': 2.91}
{'loss': 1.3797, 'grad_norm': 0.9047278165817261, 'learning_rate': 4.227506456493835e-07, 'epoch': 2.91}
{'loss': 1.3571, 'grad_norm': 0.9263260364532471, 'learning_rate': 3.8923453027697175e-07, 'epoch': 2.92}
{'loss': 1.4099, 'grad_norm': 0.8524401783943176, 'learning_rate': 3.570998560237793e-07, 'epoch': 2.92}
{'loss': 1.4087, 'grad_norm': 0.897813618183136, 'learning_rate': 3.2634706854606235e-07, 'epoch': 2.92}
{'loss': 1.3472, 'grad_norm': 0.9386506080627441, 'learning_rate': 2.969765943355074e-07, 'epoch': 2.93}
{'loss': 1.4002, 'grad_norm': 0.92142254114151, 'learning_rate': 2.6898884071338004e-07, 'epoch': 2.93}
{'loss': 1.3396, 'grad_norm': 0.9567778706550598, 'learning_rate': 2.423841958247852e-07, 'epoch': 2.93}
{'loss': 1.3891, 'grad_norm': 0.8795794248580933, 'learning_rate': 2.1716302863339365e-07, 'epoch': 2.94}
{'loss': 1.3524, 'grad_norm': 0.8898096680641174, 'learning_rate': 1.9332568891620163e-07, 'epoch': 2.94}
{'loss': 1.3881, 'grad_norm': 0.8906246423721313, 'learning_rate': 1.7087250725879023e-07, 'epoch': 2.94}
{'loss': 1.3526, 'grad_norm': 0.9339302182197571, 'learning_rate': 1.4980379505067365e-07, 'epoch': 2.95}
{'loss': 1.3554, 'grad_norm': 0.9086679816246033, 'learning_rate': 1.3011984448102476e-07, 'epoch': 2.95}
{'loss': 1.3856, 'grad_norm': 0.8985957503318787, 'learning_rate': 1.1182092853454507e-07, 'epoch': 2.95}
{'loss': 1.3922, 'grad_norm': 0.9492871165275574, 'learning_rate': 9.490730098780099e-08, 'epoch': 2.96}
{'loss': 1.4157, 'grad_norm': 0.8655443787574768, 'learning_rate': 7.937919640560454e-08, 'epoch': 2.96}
{'loss': 1.3454, 'grad_norm': 0.9116137623786926, 'learning_rate': 6.523683013777149e-08, 'epoch': 2.97}
{'loss': 1.3815, 'grad_norm': 0.9566183686256409, 'learning_rate': 5.248039831620144e-08, 'epoch': 2.97}
{'loss': 1.3671, 'grad_norm': 0.9791120290756226, 'learning_rate': 4.1110077852069e-08, 'epoch': 2.97}
{'loss': 1.4001, 'grad_norm': 0.8339332938194275, 'learning_rate': 3.112602643344786e-08, 'epoch': 2.98}
{'loss': 1.3157, 'grad_norm': 0.8657321333885193, 'learning_rate': 2.2528382523057113e-08, 'epoch': 2.98}
{'loss': 1.3796, 'grad_norm': 0.8725574612617493, 'learning_rate': 1.5317265356407095e-08, 'epoch': 2.98}
{'loss': 1.354, 'grad_norm': 0.9135317802429199, 'learning_rate': 9.49277494008971e-09, 'epoch': 2.99}
{'loss': 1.4175, 'grad_norm': 1.092174768447876, 'learning_rate': 5.054992050423924e-09, 'epoch': 2.99}
{'loss': 1.3842, 'grad_norm': 0.936505913734436, 'learning_rate': 2.0039782323233445e-09, 'epoch': 2.99}
{'loss': 1.3747, 'grad_norm': 0.9948808550834656, 'learning_rate': 3.39775798430253e-10, 'epoch': 3.0}
{'eval_loss': 1.3890069723129272, 'eval_runtime': 103.3084, 'eval_samples_per_second': 24.199, 'eval_steps_per_second': 3.03, 'epoch': 3.0}
{'train_runtime': 16129.2298, 'train_samples_per_second': 8.37, 'train_steps_per_second': 0.523, 'train_loss': 1.423919449659703, 'epoch': 3.0}
!!! training complete: ablation_outputs/gemma-2b-recipe-adapter-r4 !!!

========== EVAL rank=4 ==========
[qlora_r4] evaluating on 200 examples...
  25/200
  50/200
  75/200
  100/200
  125/200
  150/200
  175/200
  200/200
[qlora_r4] ROUGE-1=0.4602 ROUGE-2=0.1525 ROUGE-L=0.3068 mean_len=78.1

========== TRAIN rank=16 ==========
Train: 45000  Val: 2500
--- loading model and tokenizer ---
trainable params: 1,843,200 || all params: 2,508,015,616 || trainable%: 0.0735
--- starting training (rank=16) ---
{'loss': 3.3642, 'grad_norm': 1.7654250860214233, 'learning_rate': 0.00019999930658041193, 'epoch': 0.0}
{'loss': 2.431, 'grad_norm': 1.085942029953003, 'learning_rate': 0.0001999972263312643, 'epoch': 0.01}
{'loss': 2.1136, 'grad_norm': 0.9650281071662903, 'learning_rate': 0.0001999937592814068, 'epoch': 0.01}
{'loss': 1.8838, 'grad_norm': 0.85871422290802, 'learning_rate': 0.00019998890547892186, 'epoch': 0.01}
{'loss': 1.8389, 'grad_norm': 0.7529566287994385, 'learning_rate': 0.00019998266499112396, 'epoch': 0.02}
{'loss': 1.7365, 'grad_norm': 0.7985323071479797, 'learning_rate': 0.00019997503790455853, 'epoch': 0.02}
{'loss': 1.6914, 'grad_norm': 0.7463045120239258, 'learning_rate': 0.0001999660243250011, 'epoch': 0.02}
{'loss': 1.6945, 'grad_norm': 0.8273329138755798, 'learning_rate': 0.00019995562437745542, 'epoch': 0.03}
{'loss': 1.6408, 'grad_norm': 0.8313624262809753, 'learning_rate': 0.00019994383820615212, 'epoch': 0.03}
{'loss': 1.6406, 'grad_norm': 0.8811343312263489, 'learning_rate': 0.0001999306659745464, 'epoch': 0.04}
{'loss': 1.6398, 'grad_norm': 0.8738803267478943, 'learning_rate': 0.00019991610786531595, 'epoch': 0.04}
{'loss': 1.6064, 'grad_norm': 0.8053150177001953, 'learning_rate': 0.0001999001640803583, 'epoch': 0.04}
{'loss': 1.583, 'grad_norm': 0.7742197513580322, 'learning_rate': 0.00019988283484078813, 'epoch': 0.05}
{'loss': 1.5423, 'grad_norm': 1.070867657661438, 'learning_rate': 0.00019986412038693413, 'epoch': 0.05}
{'loss': 1.5261, 'grad_norm': 0.7915336489677429, 'learning_rate': 0.00019984402097833565, 'epoch': 0.05}
{'loss': 1.5563, 'grad_norm': 1.004677414894104, 'learning_rate': 0.0001998225368937392, 'epoch': 0.06}
{'loss': 1.5521, 'grad_norm': 0.7810913920402527, 'learning_rate': 0.00019979966843109445, 'epoch': 0.06}
{'loss': 1.5579, 'grad_norm': 0.9215453863143921, 'learning_rate': 0.00019977541590755023, 'epoch': 0.06}
{'loss': 1.5334, 'grad_norm': 0.8042598962783813, 'learning_rate': 0.00019974977965945, 'epoch': 0.07}
{'loss': 1.5491, 'grad_norm': 0.8509484529495239, 'learning_rate': 0.00019972276004232728, 'epoch': 0.07}
{'loss': 1.4983, 'grad_norm': 0.8893988728523254, 'learning_rate': 0.00019969435743090076, 'epoch': 0.07}
{'loss': 1.5161, 'grad_norm': 0.826590359210968, 'learning_rate': 0.00019966457221906895, 'epoch': 0.08}
{'loss': 1.5339, 'grad_norm': 0.8493519425392151, 'learning_rate': 0.0001996334048199049, 'epoch': 0.08}
{'loss': 1.5107, 'grad_norm': 0.8901218175888062, 'learning_rate': 0.00019960085566565018, 'epoch': 0.09}
{'loss': 1.5095, 'grad_norm': 0.9106045365333557, 'learning_rate': 0.0001995669252077093, 'epoch': 0.09}
{'loss': 1.5022, 'grad_norm': 0.849964439868927, 'learning_rate': 0.00019953161391664316, 'epoch': 0.09}
{'loss': 1.4967, 'grad_norm': 0.815586268901825, 'learning_rate': 0.00019949492228216254, 'epoch': 0.1}
{'loss': 1.5555, 'grad_norm': 0.8918366432189941, 'learning_rate': 0.0001994568508131214, 'epoch': 0.1}
{'loss': 1.5295, 'grad_norm': 0.9075894951820374, 'learning_rate': 0.00019941740003750984, 'epoch': 0.1}
{'loss': 1.5094, 'grad_norm': 0.8328138589859009, 'learning_rate': 0.0001993765705024466, 'epoch': 0.11}
{'loss': 1.4952, 'grad_norm': 0.8783814907073975, 'learning_rate': 0.0001993343627741717, 'epoch': 0.11}
{'loss': 1.4693, 'grad_norm': 0.8742166757583618, 'learning_rate': 0.00019929077743803845, 'epoch': 0.11}
{'loss': 1.5218, 'grad_norm': 0.9187642335891724, 'learning_rate': 0.00019924581509850534, 'epoch': 0.12}
{'loss': 1.4758, 'grad_norm': 0.9380889534950256, 'learning_rate': 0.0001991994763791278, 'epoch': 0.12}
{'loss': 1.4753, 'grad_norm': 0.8449175357818604, 'learning_rate': 0.00019915176192254923, 'epoch': 0.12}
{'loss': 1.4959, 'grad_norm': 0.8351805806159973, 'learning_rate': 0.00019910267239049245, 'epoch': 0.13}
{'loss': 1.4614, 'grad_norm': 0.8576878309249878, 'learning_rate': 0.00019905220846375032, 'epoch': 0.13}
{'loss': 1.4852, 'grad_norm': 0.8346667885780334, 'learning_rate': 0.00019900037084217637, 'epoch': 0.14}
{'loss': 1.4203, 'grad_norm': 0.8931565284729004, 'learning_rate': 0.00019894716024467502, 'epoch': 0.14}
{'loss': 1.4792, 'grad_norm': 0.8893085718154907, 'learning_rate': 0.00019889257740919174, 'epoch': 0.14}
{'loss': 1.5024, 'grad_norm': 0.9137806296348572, 'learning_rate': 0.00019883662309270257, 'epoch': 0.15}
{'loss': 1.4879, 'grad_norm': 0.9141255021095276, 'learning_rate': 0.00019877929807120398, 'epoch': 0.15}
{'loss': 1.4583, 'grad_norm': 0.8222236037254333, 'learning_rate': 0.00019872060313970175, 'epoch': 0.15}
{'loss': 1.497, 'grad_norm': 0.7565612196922302, 'learning_rate': 0.00019866053911220027, 'epoch': 0.16}
{'loss': 1.4683, 'grad_norm': 0.812313437461853, 'learning_rate': 0.00019859910682169094, 'epoch': 0.16}
{'loss': 1.4408, 'grad_norm': 0.7685154676437378, 'learning_rate': 0.00019853630712014087, 'epoch': 0.16}
{'loss': 1.456, 'grad_norm': 0.910603404045105, 'learning_rate': 0.00019847214087848088, 'epoch': 0.17}
{'loss': 1.4739, 'grad_norm': 0.8416856527328491, 'learning_rate': 0.0001984066089865936, 'epoch': 0.17}
{'loss': 1.4523, 'grad_norm': 0.7561167478561401, 'learning_rate': 0.00019833971235330093, 'epoch': 0.17}
{'loss': 1.4648, 'grad_norm': 0.9317564368247986, 'learning_rate': 0.00019827145190635164, 'epoch': 0.18}
{'loss': 1.4696, 'grad_norm': 0.9104032516479492, 'learning_rate': 0.0001982018285924083, 'epoch': 0.18}
{'loss': 1.4376, 'grad_norm': 0.7608839869499207, 'learning_rate': 0.0001981308433770343, 'epoch': 0.18}
{'loss': 1.4692, 'grad_norm': 0.8958106637001038, 'learning_rate': 0.0001980584972446805, 'epoch': 0.19}
{'loss': 1.4698, 'grad_norm': 0.8424972295761108, 'learning_rate': 0.00019798479119867134, 'epoch': 0.19}
{'loss': 1.4569, 'grad_norm': 0.9415265321731567, 'learning_rate': 0.0001979097262611911, 'epoch': 0.2}
{'loss': 1.4717, 'grad_norm': 1.0322046279907227, 'learning_rate': 0.00019783330347326983, 'epoch': 0.2}
{'loss': 1.4915, 'grad_norm': 0.8795281648635864, 'learning_rate': 0.00019775552389476864, 'epoch': 0.2}
{'loss': 1.4904, 'grad_norm': 0.819641649723053, 'learning_rate': 0.0001976763886043652, 'epoch': 0.21}
{'loss': 1.4729, 'grad_norm': 0.7826870679855347, 'learning_rate': 0.0001975958986995387, 'epoch': 0.21}
{'loss': 1.4423, 'grad_norm': 0.8553512692451477, 'learning_rate': 0.00019751405529655475, 'epoch': 0.21}
{'loss': 1.4608, 'grad_norm': 0.8302434682846069, 'learning_rate': 0.00019743085953044968, 'epoch': 0.22}
{'loss': 1.459, 'grad_norm': 0.8151901960372925, 'learning_rate': 0.00019734631255501493, 'epoch': 0.22}
{'loss': 1.4312, 'grad_norm': 0.8377639651298523, 'learning_rate': 0.0001972604155427811, 'epoch': 0.22}
{'loss': 1.4734, 'grad_norm': 0.7510824203491211, 'learning_rate': 0.00019717316968500165, 'epoch': 0.23}
{'loss': 1.4984, 'grad_norm': 0.7317038178443909, 'learning_rate': 0.00019708457619163627, 'epoch': 0.23}
{'loss': 1.4608, 'grad_norm': 0.8573052883148193, 'learning_rate': 0.00019699463629133424, 'epoch': 0.23}
{'loss': 1.4691, 'grad_norm': 0.7459222674369812, 'learning_rate': 0.00019690335123141736, 'epoch': 0.24}
{'loss': 1.4244, 'grad_norm': 0.814227819442749, 'learning_rate': 0.00019681072227786258, 'epoch': 0.24}
{'loss': 1.4331, 'grad_norm': 0.9658767580986023, 'learning_rate': 0.0001967167507152845, 'epoch': 0.25}
{'loss': 1.4362, 'grad_norm': 0.8378403186798096, 'learning_rate': 0.0001966214378469176, 'epoch': 0.25}
{'loss': 1.418, 'grad_norm': 0.9758545756340027, 'learning_rate': 0.000196524784994598, 'epoch': 0.25}
{'loss': 1.3976, 'grad_norm': 0.7610637545585632, 'learning_rate': 0.00019642679349874548, 'epoch': 0.26}
{'loss': 1.4252, 'grad_norm': 0.8767755627632141, 'learning_rate': 0.0001963274647183443, 'epoch': 0.26}
{'loss': 1.437, 'grad_norm': 0.7669760584831238, 'learning_rate': 0.00019622680003092503, 'epoch': 0.26}
{'loss': 1.4002, 'grad_norm': 0.810737669467926, 'learning_rate': 0.000196124800832545, 'epoch': 0.27}
{'loss': 1.4056, 'grad_norm': 0.8749761581420898, 'learning_rate': 0.00019602146853776894, 'epoch': 0.27}
{'loss': 1.4387, 'grad_norm': 0.8934951424598694, 'learning_rate': 0.0001959168045796497, 'epoch': 0.27}
{'loss': 1.4147, 'grad_norm': 0.8629367351531982, 'learning_rate': 0.00019581081040970805, 'epoch': 0.28}
{'loss': 1.4419, 'grad_norm': 0.8204336166381836, 'learning_rate': 0.0001957034874979126, 'epoch': 0.28}
{'loss': 1.469, 'grad_norm': 0.8461882472038269, 'learning_rate': 0.00019559483733265953, 'epoch': 0.28}
{'loss': 1.4603, 'grad_norm': 0.8481553792953491, 'learning_rate': 0.00019548486142075198, 'epoch': 0.29}
{'loss': 1.4664, 'grad_norm': 0.8474808931350708, 'learning_rate': 0.00019537356128737895, 'epoch': 0.29}
{'loss': 1.3919, 'grad_norm': 0.8263981938362122, 'learning_rate': 0.00019526093847609425, 'epoch': 0.3}
{'loss': 1.427, 'grad_norm': 0.836168646812439, 'learning_rate': 0.00019514699454879517, 'epoch': 0.3}
{'loss': 1.3903, 'grad_norm': 0.8568277359008789, 'learning_rate': 0.00019503173108570074, 'epoch': 0.3}
{'loss': 1.3975, 'grad_norm': 0.8070376515388489, 'learning_rate': 0.00019491514968532985, 'epoch': 0.31}
{'loss': 1.4711, 'grad_norm': 0.8796331882476807, 'learning_rate': 0.00019479725196447898, 'epoch': 0.31}
{'loss': 1.3959, 'grad_norm': 0.9083207249641418, 'learning_rate': 0.00019467803955819995, 'epoch': 0.31}
{'loss': 1.4042, 'grad_norm': 0.7985159754753113, 'learning_rate': 0.00019455751411977707, 'epoch': 0.32}
{'loss': 1.4146, 'grad_norm': 0.8654072880744934, 'learning_rate': 0.00019443567732070437, 'epoch': 0.32}
{'loss': 1.4243, 'grad_norm': 0.8721498847007751, 'learning_rate': 0.00019431253085066232, 'epoch': 0.32}
{'loss': 1.4507, 'grad_norm': 0.7675908803939819, 'learning_rate': 0.0001941880764174944, 'epoch': 0.33}
{'loss': 1.3994, 'grad_norm': 0.8245784044265747, 'learning_rate': 0.00019406231574718344, 'epoch': 0.33}
{'loss': 1.4088, 'grad_norm': 0.7829680442810059, 'learning_rate': 0.0001939352505838277, 'epoch': 0.33}
{'loss': 1.4354, 'grad_norm': 0.8305100202560425, 'learning_rate': 0.0001938068826896166, 'epoch': 0.34}
{'loss': 1.4162, 'grad_norm': 0.7994580864906311, 'learning_rate': 0.00019367721384480643, 'epoch': 0.34}
{'loss': 1.3779, 'grad_norm': 0.8978943824768066, 'learning_rate': 0.0001935462458476955, 'epoch': 0.34}
{'loss': 1.4047, 'grad_norm': 0.8763217329978943, 'learning_rate': 0.00019341398051459934, 'epoch': 0.35}
{'loss': 1.4206, 'grad_norm': 0.8130546808242798, 'learning_rate': 0.00019328041967982536, 'epoch': 0.35}
{'loss': 1.4759, 'grad_norm': 0.7687281370162964, 'learning_rate': 0.00019314556519564756, 'epoch': 0.36}
{'loss': 1.4039, 'grad_norm': 0.8873485922813416, 'learning_rate': 0.00019300941893228083, 'epoch': 0.36}
{'loss': 1.4461, 'grad_norm': 0.7753368020057678, 'learning_rate': 0.00019287198277785473, 'epoch': 0.36}
{'loss': 1.4331, 'grad_norm': 0.748213529586792, 'learning_rate': 0.00019273325863838783, 'epoch': 0.37}
{'loss': 1.4295, 'grad_norm': 0.7741204500198364, 'learning_rate': 0.00019259324843776078, 'epoch': 0.37}
{'loss': 1.409, 'grad_norm': 0.8678374290466309, 'learning_rate': 0.00019245195411768992, 'epoch': 0.37}
{'loss': 1.4208, 'grad_norm': 0.8078927397727966, 'learning_rate': 0.0001923093776377002, 'epoch': 0.38}
{'loss': 1.3889, 'grad_norm': 0.8504670858383179, 'learning_rate': 0.00019216552097509816, 'epoch': 0.38}
{'loss': 1.4263, 'grad_norm': 0.8049911856651306, 'learning_rate': 0.0001920203861249443, 'epoch': 0.38}
{'loss': 1.398, 'grad_norm': 0.8285483717918396, 'learning_rate': 0.00019187397510002558, 'epoch': 0.39}
{'loss': 1.4414, 'grad_norm': 0.8283671140670776, 'learning_rate': 0.00019172628993082747, 'epoch': 0.39}
{'loss': 1.437, 'grad_norm': 0.8350924849510193, 'learning_rate': 0.00019157733266550575, 'epoch': 0.39}
{'loss': 1.394, 'grad_norm': 0.808926522731781, 'learning_rate': 0.00019142710536985814, 'epoch': 0.4}
{'loss': 1.4057, 'grad_norm': 0.8435775637626648, 'learning_rate': 0.0001912756101272956, 'epoch': 0.4}
{'loss': 1.3806, 'grad_norm': 0.8098863363265991, 'learning_rate': 0.0001911228490388136, 'epoch': 0.41}
{'loss': 1.4053, 'grad_norm': 0.8015535473823547, 'learning_rate': 0.00019096882422296263, 'epoch': 0.41}
{'loss': 1.4534, 'grad_norm': 0.8230119347572327, 'learning_rate': 0.00019081353781581924, 'epoch': 0.41}
{'loss': 1.4608, 'grad_norm': 0.7957274317741394, 'learning_rate': 0.00019065699197095615, 'epoch': 0.42}
{'loss': 1.4255, 'grad_norm': 0.771472692489624, 'learning_rate': 0.00019049918885941246, 'epoch': 0.42}
{'loss': 1.3944, 'grad_norm': 0.742595374584198, 'learning_rate': 0.0001903401306696636, 'epoch': 0.42}
{'loss': 1.3919, 'grad_norm': 0.7857039570808411, 'learning_rate': 0.00019017981960759074, 'epoch': 0.43}
{'loss': 1.3834, 'grad_norm': 0.8101313710212708, 'learning_rate': 0.00019001825789645064, 'epoch': 0.43}
{'loss': 1.4019, 'grad_norm': 0.8808619976043701, 'learning_rate': 0.00018985544777684428, 'epoch': 0.43}
{'loss': 1.4286, 'grad_norm': 0.8053820133209229, 'learning_rate': 0.00018969139150668625, 'epoch': 0.44}
{'loss': 1.4344, 'grad_norm': 0.8976995944976807, 'learning_rate': 0.00018952609136117313, 'epoch': 0.44}
{'loss': 1.3758, 'grad_norm': 0.8180363178253174, 'learning_rate': 0.00018935954963275213, 'epoch': 0.44}
{'loss': 1.4394, 'grad_norm': 0.8107993602752686, 'learning_rate': 0.00018919176863108915, 'epoch': 0.45}
{'loss': 1.4384, 'grad_norm': 0.815238893032074, 'learning_rate': 0.00018902275068303693, 'epoch': 0.45}
{'loss': 1.3778, 'grad_norm': 0.8083695769309998, 'learning_rate': 0.00018885249813260248, 'epoch': 0.46}
{'loss': 1.3992, 'grad_norm': 0.812604546546936, 'learning_rate': 0.00018868101334091494, 'epoch': 0.46}
{'loss': 1.4027, 'grad_norm': 0.7949015498161316, 'learning_rate': 0.00018850829868619258, 'epoch': 0.46}
{'loss': 1.4161, 'grad_norm': 0.7821290493011475, 'learning_rate': 0.00018833435656370986, 'epoch': 0.47}
{'loss': 1.4248, 'grad_norm': 0.7667005062103271, 'learning_rate': 0.00018815918938576429, 'epoch': 0.47}
{'loss': 1.4125, 'grad_norm': 0.7625558376312256, 'learning_rate': 0.00018798279958164295, 'epoch': 0.47}
{'loss': 1.4213, 'grad_norm': 0.7341271638870239, 'learning_rate': 0.0001878051895975887, 'epoch': 0.48}
{'loss': 1.436, 'grad_norm': 0.7155588865280151, 'learning_rate': 0.00018762636189676642, 'epoch': 0.48}
{'loss': 1.3728, 'grad_norm': 0.8409982323646545, 'learning_rate': 0.00018744631895922868, 'epoch': 0.48}
{'loss': 1.3772, 'grad_norm': 0.8030853867530823, 'learning_rate': 0.00018726506328188152, 'epoch': 0.49}
{'loss': 1.3993, 'grad_norm': 0.9247658848762512, 'learning_rate': 0.00018708259737844964, 'epoch': 0.49}
{'loss': 1.3443, 'grad_norm': 0.7937384843826294, 'learning_rate': 0.00018689892377944168, 'epoch': 0.49}
{'loss': 1.3944, 'grad_norm': 0.7925026416778564, 'learning_rate': 0.00018671404503211512, 'epoch': 0.5}
{'loss': 1.4315, 'grad_norm': 0.7413398623466492, 'learning_rate': 0.00018652796370044076, 'epoch': 0.5}
{'loss': 1.4074, 'grad_norm': 0.7694648504257202, 'learning_rate': 0.00018634068236506748, 'epoch': 0.5}
{'loss': 1.3421, 'grad_norm': 0.8208358287811279, 'learning_rate': 0.0001861522036232862, 'epoch': 0.51}
{'loss': 1.3743, 'grad_norm': 0.894792914390564, 'learning_rate': 0.00018596253008899393, 'epoch': 0.51}
{'loss': 1.3765, 'grad_norm': 0.7732300162315369, 'learning_rate': 0.00018577166439265756, 'epoch': 0.52}
{'loss': 1.3953, 'grad_norm': 0.8449429869651794, 'learning_rate': 0.00018557960918127734, 'epoch': 0.52}
{'loss': 1.4223, 'grad_norm': 0.9454696178436279, 'learning_rate': 0.00018538636711835018, 'epoch': 0.52}
{'loss': 1.3871, 'grad_norm': 0.926302969455719, 'learning_rate': 0.00018519194088383273, 'epoch': 0.53}
{'loss': 1.3731, 'grad_norm': 0.9112136363983154, 'learning_rate': 0.00018499633317410413, 'epoch': 0.53}
{'loss': 1.3666, 'grad_norm': 0.7749454975128174, 'learning_rate': 0.0001847995467019288, 'epoch': 0.53}
{'loss': 1.343, 'grad_norm': 0.7857140302658081, 'learning_rate': 0.00018460158419641857, 'epoch': 0.54}
{'loss': 1.4309, 'grad_norm': 0.7464814186096191, 'learning_rate': 0.00018440244840299506, 'epoch': 0.54}
{'loss': 1.3448, 'grad_norm': 0.8168373107910156, 'learning_rate': 0.00018420214208335141, 'epoch': 0.54}
{'loss': 1.4033, 'grad_norm': 0.7936753630638123, 'learning_rate': 0.00018400066801541423, 'epoch': 0.55}
{'loss': 1.386, 'grad_norm': 0.8633904457092285, 'learning_rate': 0.00018379802899330474, 'epoch': 0.55}
{'loss': 1.389, 'grad_norm': 0.8253288865089417, 'learning_rate': 0.00018359422782730032, 'epoch': 0.55}
{'loss': 1.3865, 'grad_norm': 0.9746228456497192, 'learning_rate': 0.00018338926734379535, 'epoch': 0.56}
{'loss': 1.3563, 'grad_norm': 0.9376365542411804, 'learning_rate': 0.00018318315038526217, 'epoch': 0.56}
{'loss': 1.4004, 'grad_norm': 0.8084213137626648, 'learning_rate': 0.00018297587981021144, 'epoch': 0.57}
{'loss': 1.402, 'grad_norm': 0.8283154964447021, 'learning_rate': 0.00018276745849315275, 'epoch': 0.57}
{'loss': 1.4017, 'grad_norm': 0.8271033763885498, 'learning_rate': 0.00018255788932455458, 'epoch': 0.57}
{'loss': 1.3861, 'grad_norm': 0.8147529363632202, 'learning_rate': 0.0001823471752108042, 'epoch': 0.58}
{'loss': 1.4121, 'grad_norm': 0.8630797266960144, 'learning_rate': 0.00018213531907416752, 'epoch': 0.58}
{'loss': 1.379, 'grad_norm': 0.915015459060669, 'learning_rate': 0.0001819223238527485, 'epoch': 0.58}
{'loss': 1.3675, 'grad_norm': 0.8775845766067505, 'learning_rate': 0.00018170819250044821, 'epoch': 0.59}
{'loss': 1.3923, 'grad_norm': 0.8328827023506165, 'learning_rate': 0.00018149292798692423, 'epoch': 0.59}
{'loss': 1.344, 'grad_norm': 0.9293768405914307, 'learning_rate': 0.00018127653329754907, 'epoch': 0.59}
{'loss': 1.3666, 'grad_norm': 0.8864039778709412, 'learning_rate': 0.00018105901143336913, 'epoch': 0.6}
{'loss': 1.3999, 'grad_norm': 0.7952650785446167, 'learning_rate': 0.00018084036541106283, 'epoch': 0.6}
{'loss': 1.3355, 'grad_norm': 0.8542166948318481, 'learning_rate': 0.00018062059826289884, 'epoch': 0.6}
{'loss': 1.4043, 'grad_norm': 0.7706125378608704, 'learning_rate': 0.00018039971303669407, 'epoch': 0.61}
{'loss': 1.3895, 'grad_norm': 0.828183650970459, 'learning_rate': 0.0001801777127957714, 'epoch': 0.61}
{'loss': 1.4018, 'grad_norm': 0.7269430160522461, 'learning_rate': 0.0001799546006189171, 'epoch': 0.62}
{'loss': 1.3762, 'grad_norm': 0.7707345485687256, 'learning_rate': 0.00017973037960033824, 'epoch': 0.62}
{'loss': 1.3469, 'grad_norm': 0.7551376223564148, 'learning_rate': 0.00017950505284961983, 'epoch': 0.62}
{'loss': 1.4125, 'grad_norm': 0.8047934174537659, 'learning_rate': 0.00017927862349168143, 'epoch': 0.63}
{'loss': 1.3973, 'grad_norm': 0.8822160959243774, 'learning_rate': 0.00017905109466673412, 'epoch': 0.63}
{'loss': 1.3798, 'grad_norm': 0.8954293131828308, 'learning_rate': 0.0001788224695302368, 'epoch': 0.63}
{'loss': 1.3518, 'grad_norm': 0.8945284485816956, 'learning_rate': 0.0001785927512528524, 'epoch': 0.64}
{'loss': 1.3845, 'grad_norm': 0.8284120559692383, 'learning_rate': 0.000178361943020404, 'epoch': 0.64}
{'loss': 1.3405, 'grad_norm': 0.8828042149543762, 'learning_rate': 0.0001781300480338306, 'epoch': 0.64}
{'loss': 1.4064, 'grad_norm': 0.9186065793037415, 'learning_rate': 0.00017789706950914269, 'epoch': 0.65}
{'loss': 1.3697, 'grad_norm': 0.7655726671218872, 'learning_rate': 0.00017766301067737773, 'epoch': 0.65}
{'loss': 1.3894, 'grad_norm': 0.8762726187705994, 'learning_rate': 0.00017742787478455528, 'epoch': 0.65}
{'loss': 1.4261, 'grad_norm': 0.880398690700531, 'learning_rate': 0.0001771916650916321, 'epoch': 0.66}
{'loss': 1.3429, 'grad_norm': 0.866969883441925, 'learning_rate': 0.0001769543848744567, 'epoch': 0.66}
{'loss': 1.3608, 'grad_norm': 0.801491379737854, 'learning_rate': 0.000176716037423724, 'epoch': 0.66}
{'loss': 1.3555, 'grad_norm': 0.84016352891922, 'learning_rate': 0.00017647662604492996, 'epoch': 0.67}
{'loss': 1.4216, 'grad_norm': 0.852966845035553, 'learning_rate': 0.0001762361540583253, 'epoch': 0.67}
{'loss': 1.3506, 'grad_norm': 0.774115264415741, 'learning_rate': 0.00017599462479886974, 'epoch': 0.68}
{'loss': 1.4365, 'grad_norm': 0.8208734393119812, 'learning_rate': 0.00017575204161618572, 'epoch': 0.68}
{'loss': 1.3696, 'grad_norm': 0.8404871225357056, 'learning_rate': 0.0001755084078745118, 'epoch': 0.68}
{'loss': 1.3506, 'grad_norm': 0.8550502061843872, 'learning_rate': 0.00017526372695265619, 'epoch': 0.69}
{'loss': 1.3956, 'grad_norm': 0.7625690698623657, 'learning_rate': 0.00017501800224394972, 'epoch': 0.69}
{'loss': 1.3629, 'grad_norm': 0.9046635627746582, 'learning_rate': 0.00017477123715619897, 'epoch': 0.69}
{'loss': 1.3698, 'grad_norm': 0.8475077152252197, 'learning_rate': 0.00017452343511163885, 'epoch': 0.7}
{'loss': 1.3796, 'grad_norm': 0.8174493908882141, 'learning_rate': 0.00017427459954688515, 'epoch': 0.7}
{'loss': 1.3999, 'grad_norm': 0.7420053482055664, 'learning_rate': 0.000174024733912887, 'epoch': 0.7}
{'loss': 1.3996, 'grad_norm': 0.7755774259567261, 'learning_rate': 0.0001737738416748789, 'epoch': 0.71}
{'loss': 1.373, 'grad_norm': 0.8048165440559387, 'learning_rate': 0.00017352192631233266, 'epoch': 0.71}
{'loss': 1.3601, 'grad_norm': 0.8032674789428711, 'learning_rate': 0.00017326899131890925, 'epoch': 0.71}
{'loss': 1.4055, 'grad_norm': 0.8486018776893616, 'learning_rate': 0.00017301504020241027, 'epoch': 0.72}
{'loss': 1.4119, 'grad_norm': 0.8269355893135071, 'learning_rate': 0.00017276007648472927, 'epoch': 0.72}
{'loss': 1.4109, 'grad_norm': 0.8769569993019104, 'learning_rate': 0.00017250410370180295, 'epoch': 0.73}
{'loss': 1.3782, 'grad_norm': 0.7825469374656677, 'learning_rate': 0.00017224712540356215, 'epoch': 0.73}
{'loss': 1.393, 'grad_norm': 0.970546543598175, 'learning_rate': 0.00017198914515388262, 'epoch': 0.73}
{'loss': 1.4148, 'grad_norm': 0.7995531558990479, 'learning_rate': 0.00017173016653053552, 'epoch': 0.74}
{'loss': 1.3481, 'grad_norm': 0.8014954328536987, 'learning_rate': 0.0001714701931251378, 'epoch': 0.74}
{'loss': 1.3681, 'grad_norm': 0.7829003930091858, 'learning_rate': 0.00017120922854310257, 'epoch': 0.74}
{'loss': 1.3936, 'grad_norm': 0.7338024377822876, 'learning_rate': 0.00017094727640358883, 'epoch': 0.75}
{'loss': 1.3817, 'grad_norm': 0.8106848001480103, 'learning_rate': 0.00017068434033945152, 'epoch': 0.75}
{'loss': 1.3786, 'grad_norm': 0.7066422700881958, 'learning_rate': 0.00017042042399719094, 'epoch': 0.75}
{'loss': 1.3928, 'grad_norm': 0.9216896891593933, 'learning_rate': 0.00017015553103690237, 'epoch': 0.76}
{'loss': 1.4004, 'grad_norm': 0.7563956379890442, 'learning_rate': 0.00016988966513222512, 'epoch': 0.76}
{'loss': 1.3869, 'grad_norm': 0.9630957841873169, 'learning_rate': 0.00016962282997029174, 'epoch': 0.76}
{'loss': 1.4306, 'grad_norm': 0.8270263671875, 'learning_rate': 0.00016935502925167673, 'epoch': 0.77}
{'loss': 1.413, 'grad_norm': 0.7579430341720581, 'learning_rate': 0.00016908626669034544, 'epoch': 0.77}
{'loss': 1.3795, 'grad_norm': 0.8178635239601135, 'learning_rate': 0.00016881654601360235, 'epoch': 0.78}
{'loss': 1.3726, 'grad_norm': 0.7791553735733032, 'learning_rate': 0.00016854587096203942, 'epoch': 0.78}
{'loss': 1.3738, 'grad_norm': 0.8373678922653198, 'learning_rate': 0.00016827424528948436, 'epoch': 0.78}
{'loss': 1.386, 'grad_norm': 0.7733089327812195, 'learning_rate': 0.0001680016727629484, 'epoch': 0.79}
{'loss': 1.3386, 'grad_norm': 0.8214983940124512, 'learning_rate': 0.00016772815716257412, 'epoch': 0.79}
{'loss': 1.3762, 'grad_norm': 0.8378145694732666, 'learning_rate': 0.000167453702281583, 'epoch': 0.79}
{'loss': 1.3767, 'grad_norm': 0.8416516184806824, 'learning_rate': 0.00016717831192622287, 'epoch': 0.8}
{'loss': 1.4178, 'grad_norm': 0.8906911611557007, 'learning_rate': 0.00016690198991571505, 'epoch': 0.8}
{'loss': 1.3763, 'grad_norm': 0.7634325623512268, 'learning_rate': 0.00016662474008220142, 'epoch': 0.8}
{'loss': 1.391, 'grad_norm': 0.8616759777069092, 'learning_rate': 0.00016634656627069133, 'epoch': 0.81}
{'loss': 1.3163, 'grad_norm': 0.8110702037811279, 'learning_rate': 0.00016606747233900815, 'epoch': 0.81}
{'loss': 1.3819, 'grad_norm': 0.787490963935852, 'learning_rate': 0.00016578746215773589, 'epoch': 0.81}
{'loss': 1.3759, 'grad_norm': 0.8148804903030396, 'learning_rate': 0.00016550653961016539, 'epoch': 0.82}
{'loss': 1.3618, 'grad_norm': 0.7716412544250488, 'learning_rate': 0.00016522470859224063, 'epoch': 0.82}
{'loss': 1.3806, 'grad_norm': 0.8122884631156921, 'learning_rate': 0.00016494197301250457, 'epoch': 0.82}
{'loss': 1.3882, 'grad_norm': 0.8372127413749695, 'learning_rate': 0.000164658336792045, 'epoch': 0.83}
{'loss': 1.3441, 'grad_norm': 0.7688740491867065, 'learning_rate': 0.00016437380386444015, 'epoch': 0.83}
{'loss': 1.3908, 'grad_norm': 0.8294142484664917, 'learning_rate': 0.00016408837817570408, 'epoch': 0.84}
{'loss': 1.3217, 'grad_norm': 0.7781739234924316, 'learning_rate': 0.00016380206368423212, 'epoch': 0.84}
{'loss': 1.3761, 'grad_norm': 0.8726873993873596, 'learning_rate': 0.00016351486436074579, 'epoch': 0.84}
{'loss': 1.4191, 'grad_norm': 0.8634296655654907, 'learning_rate': 0.0001632267841882378, 'epoch': 0.85}
{'loss': 1.3666, 'grad_norm': 0.8386036157608032, 'learning_rate': 0.00016293782716191686, 'epoch': 0.85}
{'loss': 1.362, 'grad_norm': 0.8223042488098145, 'learning_rate': 0.0001626479972891522, 'epoch': 0.85}
{'loss': 1.4023, 'grad_norm': 0.9567557573318481, 'learning_rate': 0.00016235729858941807, 'epoch': 0.86}
{'loss': 1.337, 'grad_norm': 0.8966195583343506, 'learning_rate': 0.00016206573509423787, 'epoch': 0.86}
{'loss': 1.3629, 'grad_norm': 0.8100883960723877, 'learning_rate': 0.00016177331084712843, 'epoch': 0.86}
{'loss': 1.3747, 'grad_norm': 0.7971882820129395, 'learning_rate': 0.00016148002990354373, 'epoch': 0.87}
{'loss': 1.3934, 'grad_norm': 0.8872155547142029, 'learning_rate': 0.00016118589633081883, 'epoch': 0.87}
{'loss': 1.3821, 'grad_norm': 0.9486585259437561, 'learning_rate': 0.0001608909142081133, 'epoch': 0.87}
{'loss': 1.3632, 'grad_norm': 0.8029249310493469, 'learning_rate': 0.00016059508762635482, 'epoch': 0.88}
{'loss': 1.3812, 'grad_norm': 0.8588201999664307, 'learning_rate': 0.0001602984206881823, 'epoch': 0.88}
{'loss': 1.34, 'grad_norm': 0.7329991459846497, 'learning_rate': 0.00016000091750788907, 'epoch': 0.89}
{'loss': 1.3618, 'grad_norm': 0.8426316976547241, 'learning_rate': 0.00015970258221136577, 'epoch': 0.89}
{'loss': 1.3872, 'grad_norm': 0.7864915132522583, 'learning_rate': 0.00015940341893604316, 'epoch': 0.89}
{'loss': 1.4003, 'grad_norm': 0.813531756401062, 'learning_rate': 0.00015910343183083477, 'epoch': 0.9}
{'loss': 1.3368, 'grad_norm': 0.7989465594291687, 'learning_rate': 0.0001588026250560793, 'epoch': 0.9}
{'loss': 1.3706, 'grad_norm': 0.8439472317695618, 'learning_rate': 0.00015850100278348296, 'epoch': 0.9}
{'loss': 1.386, 'grad_norm': 0.8769178986549377, 'learning_rate': 0.00015819856919606153, 'epoch': 0.91}
{'loss': 1.3949, 'grad_norm': 0.8380138278007507, 'learning_rate': 0.0001578953284880825, 'epoch': 0.91}
{'loss': 1.3919, 'grad_norm': 0.7991579174995422, 'learning_rate': 0.00015759128486500688, 'epoch': 0.91}
{'loss': 1.3896, 'grad_norm': 0.7987561821937561, 'learning_rate': 0.0001572864425434307, 'epoch': 0.92}
{'loss': 1.3478, 'grad_norm': 0.8038159608840942, 'learning_rate': 0.00015698080575102661, 'epoch': 0.92}
{'loss': 1.335, 'grad_norm': 0.81562340259552, 'learning_rate': 0.00015667437872648554, 'epoch': 0.92}
{'loss': 1.4272, 'grad_norm': 0.7999807596206665, 'learning_rate': 0.00015636716571945742, 'epoch': 0.93}
{'loss': 1.3173, 'grad_norm': 0.8805479407310486, 'learning_rate': 0.0001560591709904926, 'epoch': 0.93}
{'loss': 1.3818, 'grad_norm': 0.9283945560455322, 'learning_rate': 0.00015575039881098266, 'epoch': 0.94}
{'loss': 1.3644, 'grad_norm': 0.8426235318183899, 'learning_rate': 0.0001554408534631011, 'epoch': 0.94}
{'loss': 1.3425, 'grad_norm': 0.781841516494751, 'learning_rate': 0.00015513053923974415, 'epoch': 0.94}
{'loss': 1.3915, 'grad_norm': 0.7999014258384705, 'learning_rate': 0.00015481946044447099, 'epoch': 0.95}
{'loss': 1.3783, 'grad_norm': 0.8480249047279358, 'learning_rate': 0.0001545076213914442, 'epoch': 0.95}
{'loss': 1.3564, 'grad_norm': 0.7649844884872437, 'learning_rate': 0.00015419502640536998, 'epoch': 0.95}
{'loss': 1.3736, 'grad_norm': 0.8129892945289612, 'learning_rate': 0.00015388167982143802, 'epoch': 0.96}
{'loss': 1.3504, 'grad_norm': 0.8291059732437134, 'learning_rate': 0.00015356758598526152, 'epoch': 0.96}
{'loss': 1.3763, 'grad_norm': 0.8648433685302734, 'learning_rate': 0.00015325274925281684, 'epoch': 0.96}
{'loss': 1.3394, 'grad_norm': 0.8478044867515564, 'learning_rate': 0.00015293717399038315, 'epoch': 0.97}
{'loss': 1.3254, 'grad_norm': 0.7505812644958496, 'learning_rate': 0.00015262086457448182, 'epoch': 0.97}
{'loss': 1.3553, 'grad_norm': 0.8888131976127625, 'learning_rate': 0.0001523038253918157, 'epoch': 0.97}
{'loss': 1.3518, 'grad_norm': 0.9341544508934021, 'learning_rate': 0.00015198606083920838, 'epoch': 0.98}
{'loss': 1.4079, 'grad_norm': 0.8087771534919739, 'learning_rate': 0.00015166757532354325, 'epoch': 0.98}
{'loss': 1.3888, 'grad_norm': 0.7575832009315491, 'learning_rate': 0.00015134837326170213, 'epoch': 0.98}
{'loss': 1.3312, 'grad_norm': 0.7943030595779419, 'learning_rate': 0.00015102845908050432, 'epoch': 0.99}
{'loss': 1.3402, 'grad_norm': 0.7692950367927551, 'learning_rate': 0.00015070783721664495, 'epoch': 0.99}
{'loss': 1.3714, 'grad_norm': 0.782940685749054, 'learning_rate': 0.00015038651211663368, 'epoch': 1.0}
{'loss': 1.3104, 'grad_norm': 0.8528955578804016, 'learning_rate': 0.00015006448823673288, 'epoch': 1.0}
{'eval_loss': 1.3633679151535034, 'eval_runtime': 104.1523, 'eval_samples_per_second': 24.003, 'eval_steps_per_second': 3.005, 'epoch': 1.0}
{'loss': 1.3628, 'grad_norm': 0.7954567670822144, 'learning_rate': 0.00014974177004289588, 'epoch': 1.0}
{'loss': 1.3095, 'grad_norm': 0.8536600470542908, 'learning_rate': 0.00014941836201070498, 'epoch': 1.01}
{'loss': 1.3272, 'grad_norm': 0.8103965520858765, 'learning_rate': 0.0001490942686253095, 'epoch': 1.01}
{'loss': 1.3744, 'grad_norm': 0.7644780874252319, 'learning_rate': 0.00014876949438136347, 'epoch': 1.01}
{'loss': 1.3253, 'grad_norm': 0.914000391960144, 'learning_rate': 0.00014844404378296333, 'epoch': 1.02}
{'loss': 1.3585, 'grad_norm': 0.8125342130661011, 'learning_rate': 0.00014811792134358548, 'epoch': 1.02}
{'loss': 1.336, 'grad_norm': 0.766248881816864, 'learning_rate': 0.00014779113158602372, 'epoch': 1.02}
{'loss': 1.3577, 'grad_norm': 0.8184661269187927, 'learning_rate': 0.00014746367904232638, 'epoch': 1.03}
{'loss': 1.32, 'grad_norm': 0.8684824705123901, 'learning_rate': 0.00014713556825373357, 'epoch': 1.03}
{'loss': 1.3481, 'grad_norm': 0.8628979325294495, 'learning_rate': 0.0001468068037706144, 'epoch': 1.03}
{'loss': 1.3379, 'grad_norm': 0.7984279990196228, 'learning_rate': 0.00014647739015240339, 'epoch': 1.04}
{'loss': 1.3499, 'grad_norm': 0.889306366443634, 'learning_rate': 0.00014614733196753764, 'epoch': 1.04}
{'loss': 1.3591, 'grad_norm': 0.8406091332435608, 'learning_rate': 0.00014581663379339345, 'epoch': 1.05}
{'loss': 1.351, 'grad_norm': 0.8453845977783203, 'learning_rate': 0.0001454853002162226, 'epoch': 1.05}
{'loss': 1.3863, 'grad_norm': 0.7143983244895935, 'learning_rate': 0.00014515333583108896, 'epoch': 1.05}
{'loss': 1.366, 'grad_norm': 0.8700247406959534, 'learning_rate': 0.00014482074524180464, 'epoch': 1.06}
{'loss': 1.3495, 'grad_norm': 0.7763391733169556, 'learning_rate': 0.00014448753306086628, 'epoch': 1.06}
{'loss': 1.3429, 'grad_norm': 0.8454341888427734, 'learning_rate': 0.0001441537039093909, 'epoch': 1.06}
{'loss': 1.2986, 'grad_norm': 0.7933386564254761, 'learning_rate': 0.000143819262417052, 'epoch': 1.07}
{'loss': 1.3676, 'grad_norm': 0.8516703844070435, 'learning_rate': 0.0001434842132220152, 'epoch': 1.07}
{'loss': 1.3458, 'grad_norm': 0.7932064533233643, 'learning_rate': 0.00014314856097087398, 'epoch': 1.07}
{'loss': 1.3403, 'grad_norm': 0.7527223229408264, 'learning_rate': 0.00014281231031858523, 'epoch': 1.08}
{'loss': 1.3402, 'grad_norm': 0.8008942604064941, 'learning_rate': 0.0001424754659284048, 'epoch': 1.08}
{'loss': 1.2923, 'grad_norm': 0.8276066780090332, 'learning_rate': 0.00014213803247182258, 'epoch': 1.08}
{'loss': 1.2904, 'grad_norm': 0.785130500793457, 'learning_rate': 0.000141800014628498, 'epoch': 1.09}
{'loss': 1.3903, 'grad_norm': 0.8706594705581665, 'learning_rate': 0.00014146141708619488, 'epoch': 1.09}
{'loss': 1.3545, 'grad_norm': 0.8325764536857605, 'learning_rate': 0.00014112224454071662, 'epoch': 1.1}
{'loss': 1.391, 'grad_norm': 0.8245317935943604, 'learning_rate': 0.00014078250169584098, 'epoch': 1.1}
{'loss': 1.3355, 'grad_norm': 0.7752891778945923, 'learning_rate': 0.00014044219326325477, 'epoch': 1.1}
{'loss': 1.3132, 'grad_norm': 0.9598457217216492, 'learning_rate': 0.0001401013239624887, 'epoch': 1.11}
{'loss': 1.391, 'grad_norm': 0.848421573638916, 'learning_rate': 0.00013975989852085176, 'epoch': 1.11}
{'loss': 1.3537, 'grad_norm': 0.8483763337135315, 'learning_rate': 0.00013941792167336572, 'epoch': 1.11}
{'loss': 1.3169, 'grad_norm': 1.031970739364624, 'learning_rate': 0.00013907539816269946, 'epoch': 1.12}
{'loss': 1.351, 'grad_norm': 0.8132275342941284, 'learning_rate': 0.00013873233273910328, 'epoch': 1.12}
{'loss': 1.3651, 'grad_norm': 0.7429233193397522, 'learning_rate': 0.00013838873016034278, 'epoch': 1.12}
{'loss': 1.3626, 'grad_norm': 0.8590293526649475, 'learning_rate': 0.00013804459519163318, 'epoch': 1.13}
{'loss': 1.3263, 'grad_norm': 0.7871697545051575, 'learning_rate': 0.0001376999326055731, 'epoch': 1.13}
{'loss': 1.2947, 'grad_norm': 0.7818446159362793, 'learning_rate': 0.0001373547471820782, 'epoch': 1.13}
{'loss': 1.3987, 'grad_norm': 0.847883939743042, 'learning_rate': 0.00013700904370831526, 'epoch': 1.14}
{'loss': 1.3361, 'grad_norm': 0.9252492785453796, 'learning_rate': 0.00013666282697863546, 'epoch': 1.14}
{'loss': 1.355, 'grad_norm': 0.8668593168258667, 'learning_rate': 0.00013631610179450798, 'epoch': 1.14}
{'loss': 1.3643, 'grad_norm': 0.9184694886207581, 'learning_rate': 0.0001359688729644536, 'epoch': 1.15}
{'loss': 1.33, 'grad_norm': 0.8605061769485474, 'learning_rate': 0.0001356211453039777, 'epoch': 1.15}
{'loss': 1.3809, 'grad_norm': 0.7865888476371765, 'learning_rate': 0.0001352729236355037, 'epoch': 1.16}
{'loss': 1.34, 'grad_norm': 0.8659635186195374, 'learning_rate': 0.00013492421278830618, 'epoch': 1.16}
{'loss': 1.3461, 'grad_norm': 0.8214903473854065, 'learning_rate': 0.00013457501759844373, 'epoch': 1.16}
{'loss': 1.3346, 'grad_norm': 0.867584228515625, 'learning_rate': 0.00013422534290869205, 'epoch': 1.17}
{'loss': 1.3009, 'grad_norm': 0.8579244017601013, 'learning_rate': 0.00013387519356847672, 'epoch': 1.17}
{'loss': 1.3367, 'grad_norm': 0.8732173442840576, 'learning_rate': 0.00013352457443380601, 'epoch': 1.17}
{'loss': 1.2991, 'grad_norm': 0.8142342567443848, 'learning_rate': 0.0001331734903672034, 'epoch': 1.18}
{'loss': 1.3504, 'grad_norm': 0.7850400805473328, 'learning_rate': 0.0001328219462376403, 'epoch': 1.18}
{'loss': 1.3629, 'grad_norm': 0.7713372707366943, 'learning_rate': 0.00013246994692046836, 'epoch': 1.18}
{'loss': 1.3473, 'grad_norm': 0.8535386323928833, 'learning_rate': 0.00013211749729735204, 'epoch': 1.19}
{'loss': 1.2852, 'grad_norm': 0.8291186094284058, 'learning_rate': 0.0001317646022562008, 'epoch': 1.19}
{'loss': 1.346, 'grad_norm': 0.8472392559051514, 'learning_rate': 0.00013141126669110136, 'epoch': 1.19}
{'loss': 1.3162, 'grad_norm': 0.8259546160697937, 'learning_rate': 0.00013105749550224965, 'epoch': 1.2}
{'loss': 1.3611, 'grad_norm': 0.9075201749801636, 'learning_rate': 0.00013070329359588323, 'epoch': 1.2}
{'loss': 1.3486, 'grad_norm': 0.9982062578201294, 'learning_rate': 0.00013034866588421283, 'epoch': 1.21}
{'loss': 1.3344, 'grad_norm': 0.844671905040741, 'learning_rate': 0.0001299936172853545, 'epoch': 1.21}
{'loss': 1.3613, 'grad_norm': 0.8539948463439941, 'learning_rate': 0.0001296381527232613, 'epoch': 1.21}
{'loss': 1.3621, 'grad_norm': 0.8282986879348755, 'learning_rate': 0.00012928227712765504, 'epoch': 1.22}
{'loss': 1.3261, 'grad_norm': 0.8471297025680542, 'learning_rate': 0.00012892599543395795, 'epoch': 1.22}
{'loss': 1.3292, 'grad_norm': 0.8269525766372681, 'learning_rate': 0.000128569312583224, 'epoch': 1.22}
{'loss': 1.3017, 'grad_norm': 0.8174659013748169, 'learning_rate': 0.00012821223352207085, 'epoch': 1.23}
{'loss': 1.3682, 'grad_norm': 0.7832981944084167, 'learning_rate': 0.0001278547632026107, 'epoch': 1.23}
{'loss': 1.3445, 'grad_norm': 0.7815032601356506, 'learning_rate': 0.00012749690658238206, 'epoch': 1.23}
{'loss': 1.3547, 'grad_norm': 0.839838981628418, 'learning_rate': 0.00012713866862428067, 'epoch': 1.24}
{'loss': 1.3231, 'grad_norm': 0.8800102472305298, 'learning_rate': 0.00012678005429649092, 'epoch': 1.24}
{'loss': 1.3066, 'grad_norm': 0.8140830397605896, 'learning_rate': 0.00012642106857241678, 'epoch': 1.24}
{'loss': 1.3386, 'grad_norm': 0.8389207720756531, 'learning_rate': 0.00012606171643061293, 'epoch': 1.25}
{'loss': 1.3207, 'grad_norm': 0.7527269721031189, 'learning_rate': 0.00012570200285471565, 'epoch': 1.25}
{'loss': 1.3401, 'grad_norm': 0.950751006603241, 'learning_rate': 0.0001253419328333737, 'epoch': 1.26}
{'loss': 1.3492, 'grad_norm': 0.7860118746757507, 'learning_rate': 0.00012498151136017922, 'epoch': 1.26}
{'loss': 1.3539, 'grad_norm': 0.8309828042984009, 'learning_rate': 0.00012462074343359838, 'epoch': 1.26}
{'loss': 1.3328, 'grad_norm': 0.8760834336280823, 'learning_rate': 0.0001242596340569022, 'epoch': 1.27}
{'loss': 1.3576, 'grad_norm': 0.7550632953643799, 'learning_rate': 0.00012389818823809685, 'epoch': 1.27}
{'loss': 1.3626, 'grad_norm': 0.8239904046058655, 'learning_rate': 0.00012353641098985463, 'epoch': 1.27}
{'loss': 1.3067, 'grad_norm': 0.8726881742477417, 'learning_rate': 0.00012317430732944418, 'epoch': 1.28}
{'loss': 1.3264, 'grad_norm': 0.7602843046188354, 'learning_rate': 0.00012281188227866084, 'epoch': 1.28}
{'loss': 1.3453, 'grad_norm': 0.7870534658432007, 'learning_rate': 0.00012244914086375724, 'epoch': 1.28}
{'loss': 1.3059, 'grad_norm': 0.9068921208381653, 'learning_rate': 0.0001220860881153735, 'epoch': 1.29}
{'loss': 1.3497, 'grad_norm': 0.8139365911483765, 'learning_rate': 0.00012172272906846722, 'epoch': 1.29}
{'loss': 1.3215, 'grad_norm': 0.811129093170166, 'learning_rate': 0.0001213590687622441, 'epoch': 1.29}
{'loss': 1.2774, 'grad_norm': 0.9488627314567566, 'learning_rate': 0.00012099511224008771, 'epoch': 1.3}
{'loss': 1.3419, 'grad_norm': 0.8804606199264526, 'learning_rate': 0.00012063086454948971, 'epoch': 1.3}
{'loss': 1.3354, 'grad_norm': 0.7321626543998718, 'learning_rate': 0.00012026633074197975, 'epoch': 1.3}
{'loss': 1.3358, 'grad_norm': 0.8989885449409485, 'learning_rate': 0.0001199015158730555, 'epoch': 1.31}
{'loss': 1.3269, 'grad_norm': 0.8399715423583984, 'learning_rate': 0.00011953642500211244, 'epoch': 1.31}
{'loss': 1.3047, 'grad_norm': 0.8506066799163818, 'learning_rate': 0.00011917106319237386, 'epoch': 1.32}
{'loss': 1.2866, 'grad_norm': 0.8572759628295898, 'learning_rate': 0.00011880543551082041, 'epoch': 1.32}
{'loss': 1.3083, 'grad_norm': 0.8580742478370667, 'learning_rate': 0.00011843954702812008, 'epoch': 1.32}
{'loss': 1.2997, 'grad_norm': 0.8406214714050293, 'learning_rate': 0.00011807340281855764, 'epoch': 1.33}
{'loss': 1.3297, 'grad_norm': 0.8506948351860046, 'learning_rate': 0.00011770700795996445, 'epoch': 1.33}
{'loss': 1.3345, 'grad_norm': 0.9563015103340149, 'learning_rate': 0.00011734036753364792, 'epoch': 1.33}
{'loss': 1.3521, 'grad_norm': 0.7828448414802551, 'learning_rate': 0.00011697348662432117, 'epoch': 1.34}
{'loss': 1.3455, 'grad_norm': 0.76141756772995, 'learning_rate': 0.00011660637032003232, 'epoch': 1.34}
{'loss': 1.3035, 'grad_norm': 0.8197763562202454, 'learning_rate': 0.00011623902371209419, 'epoch': 1.34}
{'loss': 1.2902, 'grad_norm': 0.786436915397644, 'learning_rate': 0.00011587145189501334, 'epoch': 1.35}
{'loss': 1.3345, 'grad_norm': 0.8973780870437622, 'learning_rate': 0.00011550365996641979, 'epoch': 1.35}
{'loss': 1.3454, 'grad_norm': 0.9131097197532654, 'learning_rate': 0.00011513565302699607, 'epoch': 1.35}
{'loss': 1.3361, 'grad_norm': 0.8262674808502197, 'learning_rate': 0.00011476743618040666, 'epoch': 1.36}
{'loss': 1.3733, 'grad_norm': 0.7666978240013123, 'learning_rate': 0.00011439901453322697, 'epoch': 1.36}
{'loss': 1.3395, 'grad_norm': 0.8310319781303406, 'learning_rate': 0.00011403039319487272, 'epoch': 1.37}
{'loss': 1.3679, 'grad_norm': 0.8826969265937805, 'learning_rate': 0.00011366157727752909, 'epoch': 1.37}
{'loss': 1.3462, 'grad_norm': 0.8366640210151672, 'learning_rate': 0.00011329257189607969, 'epoch': 1.37}
{'loss': 1.3601, 'grad_norm': 0.8357098698616028, 'learning_rate': 0.0001129233821680357, 'epoch': 1.38}
{'loss': 1.325, 'grad_norm': 0.8367698788642883, 'learning_rate': 0.00011255401321346493, 'epoch': 1.38}
{'loss': 1.3417, 'grad_norm': 0.8456482291221619, 'learning_rate': 0.00011218447015492073, 'epoch': 1.38}
{'loss': 1.3344, 'grad_norm': 0.8803044557571411, 'learning_rate': 0.00011181475811737101, 'epoch': 1.39}
{'loss': 1.3267, 'grad_norm': 0.8104060292243958, 'learning_rate': 0.00011144488222812717, 'epoch': 1.39}
{'loss': 1.3082, 'grad_norm': 0.8453503847122192, 'learning_rate': 0.00011107484761677291, 'epoch': 1.39}
{'loss': 1.3132, 'grad_norm': 0.8442058563232422, 'learning_rate': 0.0001107046594150932, 'epoch': 1.4}
{'loss': 1.3058, 'grad_norm': 0.8678977489471436, 'learning_rate': 0.00011033432275700307, 'epoch': 1.4}
{'loss': 1.2841, 'grad_norm': 0.8187465667724609, 'learning_rate': 0.00010996384277847631, 'epoch': 1.4}
{'loss': 1.3441, 'grad_norm': 0.9211192727088928, 'learning_rate': 0.00010959322461747446, 'epoch': 1.41}
{'loss': 1.3547, 'grad_norm': 0.8493666052818298, 'learning_rate': 0.00010922247341387535, 'epoch': 1.41}
{'loss': 1.3362, 'grad_norm': 0.8796502947807312, 'learning_rate': 0.00010885159430940195, 'epoch': 1.42}
{'loss': 1.3068, 'grad_norm': 0.7880101799964905, 'learning_rate': 0.00010848059244755093, 'epoch': 1.42}
{'loss': 1.271, 'grad_norm': 0.7434772849082947, 'learning_rate': 0.00010810947297352148, 'epoch': 1.42}
{'loss': 1.3441, 'grad_norm': 0.867056667804718, 'learning_rate': 0.00010773824103414385, 'epoch': 1.43}
{'loss': 1.3106, 'grad_norm': 0.7797113656997681, 'learning_rate': 0.00010736690177780801, 'epoch': 1.43}
{'loss': 1.3755, 'grad_norm': 0.8589614629745483, 'learning_rate': 0.00010699546035439228, 'epoch': 1.43}
{'loss': 1.3237, 'grad_norm': 0.9039266705513, 'learning_rate': 0.00010662392191519177, 'epoch': 1.44}
{'loss': 1.314, 'grad_norm': 0.925083339214325, 'learning_rate': 0.00010625229161284715, 'epoch': 1.44}
{'loss': 1.3554, 'grad_norm': 0.8664620518684387, 'learning_rate': 0.00010588057460127303, 'epoch': 1.44}
{'loss': 1.3232, 'grad_norm': 0.81968754529953, 'learning_rate': 0.00010550877603558655, 'epoch': 1.45}
{'loss': 1.3339, 'grad_norm': 0.8632464408874512, 'learning_rate': 0.00010513690107203589, 'epoch': 1.45}
{'loss': 1.3051, 'grad_norm': 0.8618836402893066, 'learning_rate': 0.00010476495486792872, 'epoch': 1.45}
{'loss': 1.3483, 'grad_norm': 0.8811174035072327, 'learning_rate': 0.00010439294258156072, 'epoch': 1.46}
{'loss': 1.3074, 'grad_norm': 0.8189195990562439, 'learning_rate': 0.00010402086937214399, 'epoch': 1.46}
{'loss': 1.3312, 'grad_norm': 0.8292892575263977, 'learning_rate': 0.00010364874039973562, 'epoch': 1.46}
{'loss': 1.3251, 'grad_norm': 0.7804527878761292, 'learning_rate': 0.00010327656082516592, 'epoch': 1.47}
{'loss': 1.3139, 'grad_norm': 0.8416056036949158, 'learning_rate': 0.0001029043358099671, 'epoch': 1.47}
{'loss': 1.3597, 'grad_norm': 0.932530403137207, 'learning_rate': 0.00010253207051630143, 'epoch': 1.48}
{'loss': 1.3472, 'grad_norm': 0.8094913959503174, 'learning_rate': 0.00010215977010688986, 'epoch': 1.48}
{'loss': 1.3271, 'grad_norm': 0.8280484080314636, 'learning_rate': 0.00010178743974494038, 'epoch': 1.48}
{'loss': 1.3111, 'grad_norm': 0.8844578266143799, 'learning_rate': 0.00010141508459407623, 'epoch': 1.49}
{'loss': 1.3163, 'grad_norm': 0.8553670048713684, 'learning_rate': 0.00010104270981826456, 'epoch': 1.49}
{'loss': 1.3374, 'grad_norm': 0.8054072260856628, 'learning_rate': 0.00010067032058174462, 'epoch': 1.49}
{'loss': 1.3191, 'grad_norm': 0.7831963896751404, 'learning_rate': 0.00010029792204895628, 'epoch': 1.5}
{'loss': 1.3001, 'grad_norm': 0.8389163017272949, 'learning_rate': 9.992551938446823e-05, 'epoch': 1.5}
{'loss': 1.3369, 'grad_norm': 0.8775952458381653, 'learning_rate': 9.955311775290655e-05, 'epoch': 1.5}
{'loss': 1.2838, 'grad_norm': 0.8008379936218262, 'learning_rate': 9.918072231888292e-05, 'epoch': 1.51}
{'loss': 1.3258, 'grad_norm': 0.8438944220542908, 'learning_rate': 9.880833824692317e-05, 'epoch': 1.51}
{'loss': 1.3017, 'grad_norm': 0.7692669034004211, 'learning_rate': 9.843597070139539e-05, 'epoch': 1.51}
{'loss': 1.2952, 'grad_norm': 0.8868687748908997, 'learning_rate': 9.806362484643872e-05, 'epoch': 1.52}
{'loss': 1.3605, 'grad_norm': 0.8468148708343506, 'learning_rate': 9.769130584589127e-05, 'epoch': 1.52}
{'loss': 1.3449, 'grad_norm': 0.8553836941719055, 'learning_rate': 9.731901886321876e-05, 'epoch': 1.53}
{'loss': 1.2827, 'grad_norm': 0.8024351596832275, 'learning_rate': 9.6946769061443e-05, 'epoch': 1.53}
{'loss': 1.3262, 'grad_norm': 0.862939715385437, 'learning_rate': 9.657456160307005e-05, 'epoch': 1.53}
{'loss': 1.3431, 'grad_norm': 0.7774533629417419, 'learning_rate': 9.620240165001868e-05, 'epoch': 1.54}
{'loss': 1.3483, 'grad_norm': 0.8147912621498108, 'learning_rate': 9.583029436354905e-05, 'epoch': 1.54}
{'loss': 1.2958, 'grad_norm': 0.8237695693969727, 'learning_rate': 9.545824490419067e-05, 'epoch': 1.54}
{'loss': 1.3668, 'grad_norm': 0.8924317955970764, 'learning_rate': 9.508625843167128e-05, 'epoch': 1.55}
{'loss': 1.3356, 'grad_norm': 0.8347383737564087, 'learning_rate': 9.471434010484496e-05, 'epoch': 1.55}
{'loss': 1.3193, 'grad_norm': 0.8975461721420288, 'learning_rate': 9.434249508162076e-05, 'epoch': 1.55}
{'loss': 1.3666, 'grad_norm': 0.8327791094779968, 'learning_rate': 9.39707285188912e-05, 'epoch': 1.56}
{'loss': 1.2934, 'grad_norm': 0.8116477131843567, 'learning_rate': 9.359904557246057e-05, 'epoch': 1.56}
{'loss': 1.3215, 'grad_norm': 0.8528540134429932, 'learning_rate': 9.322745139697356e-05, 'epoch': 1.56}
{'loss': 1.3132, 'grad_norm': 0.9347575306892395, 'learning_rate': 9.285595114584384e-05, 'epoch': 1.57}
{'loss': 1.3079, 'grad_norm': 0.822034478187561, 'learning_rate': 9.248454997118237e-05, 'epoch': 1.57}
{'loss': 1.3265, 'grad_norm': 0.7889740467071533, 'learning_rate': 9.211325302372619e-05, 'epoch': 1.58}
{'loss': 1.3602, 'grad_norm': 0.8093281388282776, 'learning_rate': 9.174206545276677e-05, 'epoch': 1.58}
{'loss': 1.308, 'grad_norm': 0.8068124651908875, 'learning_rate': 9.13709924060788e-05, 'epoch': 1.58}
{'loss': 1.357, 'grad_norm': 0.8571434617042542, 'learning_rate': 9.100003902984869e-05, 'epoch': 1.59}
{'loss': 1.327, 'grad_norm': 0.8259965181350708, 'learning_rate': 9.062921046860315e-05, 'epoch': 1.59}
{'loss': 1.3442, 'grad_norm': 0.8548808693885803, 'learning_rate': 9.02585118651379e-05, 'epoch': 1.59}
{'loss': 1.2972, 'grad_norm': 0.9409633874893188, 'learning_rate': 8.988794836044648e-05, 'epoch': 1.6}
{'loss': 1.377, 'grad_norm': 0.8348726630210876, 'learning_rate': 8.951752509364873e-05, 'epoch': 1.6}
{'loss': 1.3618, 'grad_norm': 0.9211249351501465, 'learning_rate': 8.914724720191956e-05, 'epoch': 1.6}
{'loss': 1.3169, 'grad_norm': 0.8861522674560547, 'learning_rate': 8.877711982041792e-05, 'epoch': 1.61}
{'loss': 1.2996, 'grad_norm': 0.8988479971885681, 'learning_rate': 8.84071480822153e-05, 'epoch': 1.61}
{'loss': 1.3115, 'grad_norm': 0.9471524357795715, 'learning_rate': 8.803733711822473e-05, 'epoch': 1.61}
{'loss': 1.2987, 'grad_norm': 0.7195218205451965, 'learning_rate': 8.766769205712951e-05, 'epoch': 1.62}
{'loss': 1.3131, 'grad_norm': 0.8751049041748047, 'learning_rate': 8.729821802531212e-05, 'epoch': 1.62}
{'loss': 1.3239, 'grad_norm': 0.8681769371032715, 'learning_rate': 8.692892014678329e-05, 'epoch': 1.62}
{'loss': 1.3381, 'grad_norm': 0.8216443657875061, 'learning_rate': 8.65598035431106e-05, 'epoch': 1.63}
{'loss': 1.3195, 'grad_norm': 0.803963840007782, 'learning_rate': 8.619087333334768e-05, 'epoch': 1.63}
{'loss': 1.3122, 'grad_norm': 0.8072904348373413, 'learning_rate': 8.582213463396331e-05, 'epoch': 1.64}
{'loss': 1.3428, 'grad_norm': 0.7820338606834412, 'learning_rate': 8.545359255877014e-05, 'epoch': 1.64}
{'loss': 1.3198, 'grad_norm': 0.9828755259513855, 'learning_rate': 8.508525221885414e-05, 'epoch': 1.64}
{'loss': 1.3449, 'grad_norm': 1.0326181650161743, 'learning_rate': 8.471711872250338e-05, 'epoch': 1.65}
{'loss': 1.321, 'grad_norm': 0.8196031451225281, 'learning_rate': 8.434919717513741e-05, 'epoch': 1.65}
{'loss': 1.3125, 'grad_norm': 1.0034319162368774, 'learning_rate': 8.398149267923643e-05, 'epoch': 1.65}
{'loss': 1.3454, 'grad_norm': 0.8039151430130005, 'learning_rate': 8.36140103342704e-05, 'epoch': 1.66}
{'loss': 1.3557, 'grad_norm': 0.8528679609298706, 'learning_rate': 8.324675523662841e-05, 'epoch': 1.66}
{'loss': 1.3253, 'grad_norm': 0.9286196231842041, 'learning_rate': 8.287973247954813e-05, 'epoch': 1.66}
{'loss': 1.3081, 'grad_norm': 0.8504670858383179, 'learning_rate': 8.251294715304485e-05, 'epoch': 1.67}
{'loss': 1.3537, 'grad_norm': 0.8159135580062866, 'learning_rate': 8.214640434384124e-05, 'epoch': 1.67}
{'loss': 1.3809, 'grad_norm': 0.8777483701705933, 'learning_rate': 8.178010913529655e-05, 'epoch': 1.67}
{'loss': 1.2769, 'grad_norm': 0.8229305148124695, 'learning_rate': 8.141406660733619e-05, 'epoch': 1.68}
{'loss': 1.3425, 'grad_norm': 0.861433207988739, 'learning_rate': 8.104828183638141e-05, 'epoch': 1.68}
{'loss': 1.3118, 'grad_norm': 0.7977929711341858, 'learning_rate': 8.06827598952787e-05, 'epoch': 1.69}
{'loss': 1.3339, 'grad_norm': 0.8639886975288391, 'learning_rate': 8.031750585322947e-05, 'epoch': 1.69}
{'loss': 1.3321, 'grad_norm': 0.8243224620819092, 'learning_rate': 7.995252477571995e-05, 'epoch': 1.69}
{'loss': 1.3036, 'grad_norm': 0.9396275877952576, 'learning_rate': 7.958782172445063e-05, 'epoch': 1.7}
{'loss': 1.3498, 'grad_norm': 0.7995316982269287, 'learning_rate': 7.922340175726638e-05, 'epoch': 1.7}
{'loss': 1.3357, 'grad_norm': 0.8172020316123962, 'learning_rate': 7.885926992808604e-05, 'epoch': 1.7}
{'loss': 1.3279, 'grad_norm': 0.8492106795310974, 'learning_rate': 7.849543128683242e-05, 'epoch': 1.71}
{'loss': 1.3007, 'grad_norm': 0.8955076932907104, 'learning_rate': 7.813189087936243e-05, 'epoch': 1.71}
{'loss': 1.32, 'grad_norm': 0.7829920053482056, 'learning_rate': 7.77686537473968e-05, 'epoch': 1.71}
{'loss': 1.3095, 'grad_norm': 0.8416242003440857, 'learning_rate': 7.740572492845038e-05, 'epoch': 1.72}
{'loss': 1.3311, 'grad_norm': 0.80952388048172, 'learning_rate': 7.704310945576223e-05, 'epoch': 1.72}
{'loss': 1.3044, 'grad_norm': 0.8629049062728882, 'learning_rate': 7.668081235822578e-05, 'epoch': 1.72}
{'loss': 1.3122, 'grad_norm': 0.8804888725280762, 'learning_rate': 7.631883866031911e-05, 'epoch': 1.73}
{'loss': 1.3168, 'grad_norm': 0.8807486891746521, 'learning_rate': 7.595719338203528e-05, 'epoch': 1.73}
{'loss': 1.3384, 'grad_norm': 0.7928404211997986, 'learning_rate': 7.559588153881265e-05, 'epoch': 1.74}
{'loss': 1.3069, 'grad_norm': 0.8173830509185791, 'learning_rate': 7.523490814146546e-05, 'epoch': 1.74}
{'loss': 1.3413, 'grad_norm': 0.7857083082199097, 'learning_rate': 7.487427819611419e-05, 'epoch': 1.74}
{'loss': 1.3028, 'grad_norm': 0.8280104994773865, 'learning_rate': 7.451399670411616e-05, 'epoch': 1.75}
{'loss': 1.3326, 'grad_norm': 0.880111813545227, 'learning_rate': 7.41540686619963e-05, 'epoch': 1.75}
{'loss': 1.3293, 'grad_norm': 0.8841906189918518, 'learning_rate': 7.379449906137768e-05, 'epoch': 1.75}
{'loss': 1.3553, 'grad_norm': 0.7661798596382141, 'learning_rate': 7.343529288891239e-05, 'epoch': 1.76}
{'loss': 1.3128, 'grad_norm': 1.0159380435943604, 'learning_rate': 7.307645512621233e-05, 'epoch': 1.76}
{'loss': 1.2942, 'grad_norm': 0.8551880717277527, 'learning_rate': 7.27179907497802e-05, 'epoch': 1.76}
{'loss': 1.3091, 'grad_norm': 0.8754140734672546, 'learning_rate': 7.235990473094044e-05, 'epoch': 1.77}
{'loss': 1.3335, 'grad_norm': 0.8310630321502686, 'learning_rate': 7.200220203577017e-05, 'epoch': 1.77}
{'loss': 1.3082, 'grad_norm': 0.9361692070960999, 'learning_rate': 7.16448876250305e-05, 'epoch': 1.77}
{'loss': 1.3515, 'grad_norm': 0.9003422856330872, 'learning_rate': 7.128796645409774e-05, 'epoch': 1.78}
{'loss': 1.2996, 'grad_norm': 0.8782339096069336, 'learning_rate': 7.093144347289446e-05, 'epoch': 1.78}
{'loss': 1.2734, 'grad_norm': 0.927693247795105, 'learning_rate': 7.057532362582103e-05, 'epoch': 1.78}
{'loss': 1.3349, 'grad_norm': 0.9421374201774597, 'learning_rate': 7.021961185168705e-05, 'epoch': 1.79}
{'loss': 1.3383, 'grad_norm': 0.8788064122200012, 'learning_rate': 6.986431308364268e-05, 'epoch': 1.79}
{'loss': 1.2678, 'grad_norm': 0.7879063487052917, 'learning_rate': 6.95094322491105e-05, 'epoch': 1.8}
{'loss': 1.3161, 'grad_norm': 0.8158671855926514, 'learning_rate': 6.915497426971695e-05, 'epoch': 1.8}
{'loss': 1.2981, 'grad_norm': 0.8199342489242554, 'learning_rate': 6.880094406122407e-05, 'epoch': 1.8}
{'loss': 1.2859, 'grad_norm': 0.771692156791687, 'learning_rate': 6.844734653346158e-05, 'epoch': 1.81}
{'loss': 1.3613, 'grad_norm': 0.7981535196304321, 'learning_rate': 6.80941865902585e-05, 'epoch': 1.81}
{'loss': 1.3275, 'grad_norm': 0.9130926132202148, 'learning_rate': 6.774146912937523e-05, 'epoch': 1.81}
{'loss': 1.3771, 'grad_norm': 0.8098265528678894, 'learning_rate': 6.738919904243575e-05, 'epoch': 1.82}
{'loss': 1.3261, 'grad_norm': 0.8550381064414978, 'learning_rate': 6.703738121485957e-05, 'epoch': 1.82}
{'loss': 1.313, 'grad_norm': 0.8550960421562195, 'learning_rate': 6.668602052579424e-05, 'epoch': 1.82}
{'loss': 1.3155, 'grad_norm': 0.9037951231002808, 'learning_rate': 6.633512184804739e-05, 'epoch': 1.83}
{'loss': 1.3369, 'grad_norm': 0.9539833068847656, 'learning_rate': 6.598469004801937e-05, 'epoch': 1.83}
{'loss': 1.2561, 'grad_norm': 0.8703670501708984, 'learning_rate': 6.563472998563566e-05, 'epoch': 1.83}
{'loss': 1.2995, 'grad_norm': 0.8823968172073364, 'learning_rate': 6.528524651427951e-05, 'epoch': 1.84}
{'loss': 1.3148, 'grad_norm': 0.8006917834281921, 'learning_rate': 6.493624448072457e-05, 'epoch': 1.84}
{'loss': 1.329, 'grad_norm': 0.8727063536643982, 'learning_rate': 6.458772872506785e-05, 'epoch': 1.85}
{'loss': 1.3332, 'grad_norm': 0.8611641526222229, 'learning_rate': 6.423970408066228e-05, 'epoch': 1.85}
{'loss': 1.3036, 'grad_norm': 0.8680660724639893, 'learning_rate': 6.38921753740501e-05, 'epoch': 1.85}
{'loss': 1.323, 'grad_norm': 0.826871395111084, 'learning_rate': 6.35451474248955e-05, 'epoch': 1.86}
{'loss': 1.281, 'grad_norm': 0.7848257422447205, 'learning_rate': 6.319862504591796e-05, 'epoch': 1.86}
{'loss': 1.3267, 'grad_norm': 0.8750953674316406, 'learning_rate': 6.285261304282572e-05, 'epoch': 1.86}
{'loss': 1.3161, 'grad_norm': 0.8092888593673706, 'learning_rate': 6.25071162142487e-05, 'epoch': 1.87}
{'loss': 1.3675, 'grad_norm': 0.7548900842666626, 'learning_rate': 6.21621393516723e-05, 'epoch': 1.87}
{'loss': 1.3014, 'grad_norm': 0.8733651041984558, 'learning_rate': 6.18176872393708e-05, 'epoch': 1.87}
{'loss': 1.3026, 'grad_norm': 0.8775627017021179, 'learning_rate': 6.1473764654341e-05, 'epoch': 1.88}
{'loss': 1.3139, 'grad_norm': 0.8803735375404358, 'learning_rate': 6.11303763662361e-05, 'epoch': 1.88}
{'loss': 1.3608, 'grad_norm': 0.8043803572654724, 'learning_rate': 6.078752713729941e-05, 'epoch': 1.88}
{'loss': 1.3059, 'grad_norm': 0.9649747014045715, 'learning_rate': 6.044522172229827e-05, 'epoch': 1.89}
{'loss': 1.2962, 'grad_norm': 0.9108845591545105, 'learning_rate': 6.010346486845837e-05, 'epoch': 1.89}
{'loss': 1.2995, 'grad_norm': 0.9831205010414124, 'learning_rate': 5.976226131539762e-05, 'epoch': 1.9}
{'loss': 1.3398, 'grad_norm': 0.8785580992698669, 'learning_rate': 5.942161579506051e-05, 'epoch': 1.9}
{'loss': 1.2886, 'grad_norm': 0.8323163986206055, 'learning_rate': 5.9081533031652636e-05, 'epoch': 1.9}
{'loss': 1.3282, 'grad_norm': 0.8690077662467957, 'learning_rate': 5.874201774157495e-05, 'epoch': 1.91}
{'loss': 1.307, 'grad_norm': 0.8935328125953674, 'learning_rate': 5.840307463335856e-05, 'epoch': 1.91}
{'loss': 1.3579, 'grad_norm': 0.8897134065628052, 'learning_rate': 5.80647084075992e-05, 'epoch': 1.91}
{'loss': 1.3338, 'grad_norm': 0.8957861065864563, 'learning_rate': 5.7726923756892285e-05, 'epoch': 1.92}
{'loss': 1.3172, 'grad_norm': 0.8529129028320312, 'learning_rate': 5.738972536576773e-05, 'epoch': 1.92}
{'loss': 1.3272, 'grad_norm': 0.762067973613739, 'learning_rate': 5.705311791062483e-05, 'epoch': 1.92}
{'loss': 1.3209, 'grad_norm': 0.8490604162216187, 'learning_rate': 5.6717106059667694e-05, 'epoch': 1.93}
{'loss': 1.3445, 'grad_norm': 0.8241353034973145, 'learning_rate': 5.63816944728403e-05, 'epoch': 1.93}
{'loss': 1.3664, 'grad_norm': 0.9242380261421204, 'learning_rate': 5.604688780176197e-05, 'epoch': 1.93}
{'loss': 1.3225, 'grad_norm': 0.8135735392570496, 'learning_rate': 5.571269068966268e-05, 'epoch': 1.94}
{'loss': 1.3244, 'grad_norm': 0.8591423630714417, 'learning_rate': 5.537910777131906e-05, 'epoch': 1.94}
{'loss': 1.2944, 'grad_norm': 0.8291963338851929, 'learning_rate': 5.504614367298955e-05, 'epoch': 1.94}
{'loss': 1.3073, 'grad_norm': 0.9155563116073608, 'learning_rate': 5.471380301235085e-05, 'epoch': 1.95}
{'loss': 1.2813, 'grad_norm': 0.8891093730926514, 'learning_rate': 5.438209039843333e-05, 'epoch': 1.95}
{'loss': 1.3036, 'grad_norm': 0.8521866798400879, 'learning_rate': 5.4051010431557515e-05, 'epoch': 1.96}
{'loss': 1.3135, 'grad_norm': 0.8432849049568176, 'learning_rate': 5.372056770327013e-05, 'epoch': 1.96}
{'loss': 1.3244, 'grad_norm': 0.9199049472808838, 'learning_rate': 5.339076679628031e-05, 'epoch': 1.96}
{'loss': 1.2848, 'grad_norm': 0.8341864943504333, 'learning_rate': 5.3061612284396265e-05, 'epoch': 1.97}
{'loss': 1.3014, 'grad_norm': 0.8572894334793091, 'learning_rate': 5.273310873246173e-05, 'epoch': 1.97}
{'loss': 1.3151, 'grad_norm': 0.9479211568832397, 'learning_rate': 5.240526069629265e-05, 'epoch': 1.97}
{'loss': 1.3084, 'grad_norm': 0.8289339542388916, 'learning_rate': 5.207807272261402e-05, 'epoch': 1.98}
{'loss': 1.353, 'grad_norm': 0.8865440487861633, 'learning_rate': 5.175154934899691e-05, 'epoch': 1.98}
{'loss': 1.3437, 'grad_norm': 0.9528917670249939, 'learning_rate': 5.1425695103795225e-05, 'epoch': 1.98}
{'loss': 1.2925, 'grad_norm': 0.8985900282859802, 'learning_rate': 5.110051450608347e-05, 'epoch': 1.99}
{'loss': 1.3675, 'grad_norm': 0.8274691104888916, 'learning_rate': 5.077601206559346e-05, 'epoch': 1.99}
{'loss': 1.3631, 'grad_norm': 0.8656684160232544, 'learning_rate': 5.045219228265219e-05, 'epoch': 1.99}
{'loss': 1.3811, 'grad_norm': 0.871849000453949, 'learning_rate': 5.0129059648119323e-05, 'epoch': 2.0}
{'eval_loss': 1.325819492340088, 'eval_runtime': 103.656, 'eval_samples_per_second': 24.118, 'eval_steps_per_second': 3.02, 'epoch': 2.0}
{'loss': 1.3087, 'grad_norm': 0.8919105529785156, 'learning_rate': 4.9806618643324696e-05, 'epoch': 2.0}
{'loss': 1.236, 'grad_norm': 0.8399351835250854, 'learning_rate': 4.948487374000665e-05, 'epoch': 2.01}
{'loss': 1.2535, 'grad_norm': 0.8699557781219482, 'learning_rate': 4.916382940024944e-05, 'epoch': 2.01}
{'loss': 1.3135, 'grad_norm': 0.8078176379203796, 'learning_rate': 4.884349007642176e-05, 'epoch': 2.01}
{'loss': 1.3141, 'grad_norm': 0.8234615325927734, 'learning_rate': 4.852386021111486e-05, 'epoch': 2.02}
{'loss': 1.2889, 'grad_norm': 0.8515854477882385, 'learning_rate': 4.8204944237080975e-05, 'epoch': 2.02}
{'loss': 1.2963, 'grad_norm': 0.8186608552932739, 'learning_rate': 4.788674657717165e-05, 'epoch': 2.02}
{'loss': 1.2953, 'grad_norm': 0.8084632158279419, 'learning_rate': 4.756927164427685e-05, 'epoch': 2.03}
{'loss': 1.3028, 'grad_norm': 0.8171941637992859, 'learning_rate': 4.7252523841263194e-05, 'epoch': 2.03}
{'loss': 1.3116, 'grad_norm': 0.9065847992897034, 'learning_rate': 4.6936507560913355e-05, 'epoch': 2.03}
{'loss': 1.3328, 'grad_norm': 0.8251185417175293, 'learning_rate': 4.6621227185864935e-05, 'epoch': 2.04}
{'loss': 1.2509, 'grad_norm': 0.9262263774871826, 'learning_rate': 4.6306687088549596e-05, 'epoch': 2.04}
{'loss': 1.2312, 'grad_norm': 0.9225545525550842, 'learning_rate': 4.599289163113276e-05, 'epoch': 2.04}
{'loss': 1.3315, 'grad_norm': 0.8722426891326904, 'learning_rate': 4.567984516545267e-05, 'epoch': 2.05}
{'loss': 1.2859, 'grad_norm': 0.840469479560852, 'learning_rate': 4.536755203296038e-05, 'epoch': 2.05}
{'loss': 1.2968, 'grad_norm': 0.9507871270179749, 'learning_rate': 4.50560165646594e-05, 'epoch': 2.06}
{'loss': 1.331, 'grad_norm': 0.911746621131897, 'learning_rate': 4.474524308104564e-05, 'epoch': 2.06}
{'loss': 1.336, 'grad_norm': 0.9600643515586853, 'learning_rate': 4.443523589204753e-05, 'epoch': 2.06}
{'loss': 1.2936, 'grad_norm': 0.9645103812217712, 'learning_rate': 4.412599929696627e-05, 'epoch': 2.07}
{'loss': 1.2913, 'grad_norm': 0.9031104445457458, 'learning_rate': 4.3817537584416e-05, 'epoch': 2.07}
{'loss': 1.2801, 'grad_norm': 0.823580801486969, 'learning_rate': 4.350985503226465e-05, 'epoch': 2.07}
{'loss': 1.3099, 'grad_norm': 0.9713256359100342, 'learning_rate': 4.320295590757443e-05, 'epoch': 2.08}
{'loss': 1.2739, 'grad_norm': 0.9556035995483398, 'learning_rate': 4.289684446654251e-05, 'epoch': 2.08}
{'loss': 1.2857, 'grad_norm': 0.867087721824646, 'learning_rate': 4.259152495444243e-05, 'epoch': 2.08}
{'loss': 1.3273, 'grad_norm': 0.9873567223548889, 'learning_rate': 4.228700160556469e-05, 'epoch': 2.09}
{'loss': 1.2958, 'grad_norm': 0.8497368097305298, 'learning_rate': 4.198327864315843e-05, 'epoch': 2.09}
{'loss': 1.3146, 'grad_norm': 0.8841469287872314, 'learning_rate': 4.168036027937267e-05, 'epoch': 2.09}
{'loss': 1.2891, 'grad_norm': 0.8647850155830383, 'learning_rate': 4.1378250715197954e-05, 'epoch': 2.1}
{'loss': 1.2245, 'grad_norm': 0.8127531409263611, 'learning_rate': 4.107695414040812e-05, 'epoch': 2.1}
{'loss': 1.3047, 'grad_norm': 0.9012346267700195, 'learning_rate': 4.077647473350201e-05, 'epoch': 2.1}
{'loss': 1.3137, 'grad_norm': 0.8314410448074341, 'learning_rate': 4.047681666164582e-05, 'epoch': 2.11}
{'loss': 1.3278, 'grad_norm': 0.9101986289024353, 'learning_rate': 4.017798408061506e-05, 'epoch': 2.11}
{'loss': 1.2864, 'grad_norm': 0.8712126016616821, 'learning_rate': 3.987998113473709e-05, 'epoch': 2.12}
{'loss': 1.333, 'grad_norm': 0.842477560043335, 'learning_rate': 3.958281195683339e-05, 'epoch': 2.12}
{'loss': 1.2885, 'grad_norm': 0.9636592864990234, 'learning_rate': 3.928648066816267e-05, 'epoch': 2.12}
{'loss': 1.3089, 'grad_norm': 0.8206833600997925, 'learning_rate': 3.899099137836323e-05, 'epoch': 2.13}
{'loss': 1.3007, 'grad_norm': 0.9167965650558472, 'learning_rate': 3.8696348185396405e-05, 'epoch': 2.13}
{'loss': 1.2838, 'grad_norm': 0.9088588953018188, 'learning_rate': 3.840255517548932e-05, 'epoch': 2.13}
{'loss': 1.2955, 'grad_norm': 0.8529473543167114, 'learning_rate': 3.81096164230786e-05, 'epoch': 2.14}
{'loss': 1.2603, 'grad_norm': 0.9121023416519165, 'learning_rate': 3.7817535990753626e-05, 'epoch': 2.14}
{'loss': 1.2901, 'grad_norm': 0.8587761521339417, 'learning_rate': 3.752631792920022e-05, 'epoch': 2.14}
{'loss': 1.2558, 'grad_norm': 0.8497167229652405, 'learning_rate': 3.723596627714455e-05, 'epoch': 2.15}
{'loss': 1.2993, 'grad_norm': 0.8464632034301758, 'learning_rate': 3.6946485061297106e-05, 'epoch': 2.15}
{'loss': 1.301, 'grad_norm': 0.9041830897331238, 'learning_rate': 3.665787829629679e-05, 'epoch': 2.15}
{'loss': 1.3162, 'grad_norm': 0.7929617762565613, 'learning_rate': 3.637014998465527e-05, 'epoch': 2.16}
{'loss': 1.2848, 'grad_norm': 0.9441609978675842, 'learning_rate': 3.6083304116701535e-05, 'epoch': 2.16}
{'loss': 1.3351, 'grad_norm': 0.9428071975708008, 'learning_rate': 3.579734467052634e-05, 'epoch': 2.17}
{'loss': 1.2718, 'grad_norm': 0.9034054279327393, 'learning_rate': 3.5512275611927495e-05, 'epoch': 2.17}
{'loss': 1.2688, 'grad_norm': 0.9340022206306458, 'learning_rate': 3.522810089435422e-05, 'epoch': 2.17}
{'loss': 1.3045, 'grad_norm': 0.9867026209831238, 'learning_rate': 3.494482445885291e-05, 'epoch': 2.18}
{'loss': 1.2679, 'grad_norm': 0.8909485340118408, 'learning_rate': 3.4662450234012156e-05, 'epoch': 2.18}
{'loss': 1.2859, 'grad_norm': 0.9786447286605835, 'learning_rate': 3.4380982135908245e-05, 'epoch': 2.18}
{'loss': 1.3123, 'grad_norm': 0.878641664981842, 'learning_rate': 3.410042406805115e-05, 'epoch': 2.19}
{'loss': 1.2863, 'grad_norm': 0.9415909051895142, 'learning_rate': 3.3820779921329984e-05, 'epoch': 2.19}
{'loss': 1.2951, 'grad_norm': 0.9258077144622803, 'learning_rate': 3.3542053573959354e-05, 'epoch': 2.19}
{'loss': 1.322, 'grad_norm': 0.8561592698097229, 'learning_rate': 3.326424889142543e-05, 'epoch': 2.2}
{'loss': 1.3061, 'grad_norm': 0.9243009090423584, 'learning_rate': 3.298736972643243e-05, 'epoch': 2.2}
{'loss': 1.2664, 'grad_norm': 0.9415355324745178, 'learning_rate': 3.271141991884897e-05, 'epoch': 2.2}
{'loss': 1.2964, 'grad_norm': 0.8698295950889587, 'learning_rate': 3.2436403295655246e-05, 'epoch': 2.21}
{'loss': 1.2584, 'grad_norm': 0.8664174675941467, 'learning_rate': 3.21623236708894e-05, 'epoch': 2.21}
{'loss': 1.3175, 'grad_norm': 0.8880338668823242, 'learning_rate': 3.18891848455951e-05, 'epoch': 2.22}
{'loss': 1.2721, 'grad_norm': 0.8795487284660339, 'learning_rate': 3.1616990607768594e-05, 'epoch': 2.22}
{'loss': 1.3366, 'grad_norm': 0.9929319620132446, 'learning_rate': 3.134574473230612e-05, 'epoch': 2.22}
{'loss': 1.2674, 'grad_norm': 0.9056297540664673, 'learning_rate': 3.107545098095188e-05, 'epoch': 2.23}
{'loss': 1.2517, 'grad_norm': 0.9286549687385559, 'learning_rate': 3.080611310224539e-05, 'epoch': 2.23}
{'loss': 1.2741, 'grad_norm': 0.830868124961853, 'learning_rate': 3.053773483146992e-05, 'epoch': 2.23}
{'loss': 1.3382, 'grad_norm': 0.9057745933532715, 'learning_rate': 3.0270319890600462e-05, 'epoch': 2.24}
{'loss': 1.3258, 'grad_norm': 0.9790557026863098, 'learning_rate': 3.0003871988252208e-05, 'epoch': 2.24}
{'loss': 1.2463, 'grad_norm': 0.8757644891738892, 'learning_rate': 2.9738394819628955e-05, 'epoch': 2.24}
{'loss': 1.2951, 'grad_norm': 0.7728981971740723, 'learning_rate': 2.947389206647222e-05, 'epoch': 2.25}
{'loss': 1.3141, 'grad_norm': 0.833926796913147, 'learning_rate': 2.9210367397009696e-05, 'epoch': 2.25}
{'loss': 1.2557, 'grad_norm': 0.9368553757667542, 'learning_rate': 2.8947824465904784e-05, 'epoch': 2.25}
{'loss': 1.2912, 'grad_norm': 0.8902735114097595, 'learning_rate': 2.8686266914205727e-05, 'epoch': 2.26}
{'loss': 1.2806, 'grad_norm': 0.9056475758552551, 'learning_rate': 2.842569836929504e-05, 'epoch': 2.26}
{'loss': 1.2757, 'grad_norm': 0.8909973502159119, 'learning_rate': 2.8166122444839493e-05, 'epoch': 2.26}
{'loss': 1.2964, 'grad_norm': 0.9232431650161743, 'learning_rate': 2.790754274073961e-05, 'epoch': 2.27}
{'loss': 1.3101, 'grad_norm': 0.8165872097015381, 'learning_rate': 2.764996284308006e-05, 'epoch': 2.27}
{'loss': 1.2737, 'grad_norm': 0.8642319440841675, 'learning_rate': 2.7393386324079786e-05, 'epoch': 2.28}
{'loss': 1.2768, 'grad_norm': 0.897485613822937, 'learning_rate': 2.7137816742042444e-05, 'epoch': 2.28}
{'loss': 1.3233, 'grad_norm': 0.8761793375015259, 'learning_rate': 2.688325764130718e-05, 'epoch': 2.28}
{'loss': 1.3123, 'grad_norm': 0.8346860408782959, 'learning_rate': 2.662971255219925e-05, 'epoch': 2.29}
{'loss': 1.2894, 'grad_norm': 0.9449136853218079, 'learning_rate': 2.637718499098132e-05, 'epoch': 2.29}
{'loss': 1.3194, 'grad_norm': 0.8698456287384033, 'learning_rate': 2.6125678459804527e-05, 'epoch': 2.29}
{'loss': 1.3234, 'grad_norm': 0.8782544732093811, 'learning_rate': 2.587519644666001e-05, 'epoch': 2.3}
{'loss': 1.2898, 'grad_norm': 0.9141359925270081, 'learning_rate': 2.562574242533038e-05, 'epoch': 2.3}
{'loss': 1.2928, 'grad_norm': 0.9410101771354675, 'learning_rate': 2.537731985534183e-05, 'epoch': 2.3}
{'loss': 1.2824, 'grad_norm': 0.8821533918380737, 'learning_rate': 2.5129932181915784e-05, 'epoch': 2.31}
{'loss': 1.2902, 'grad_norm': 0.8758738040924072, 'learning_rate': 2.4883582835921516e-05, 'epoch': 2.31}
{'loss': 1.3068, 'grad_norm': 0.9111274480819702, 'learning_rate': 2.463827523382819e-05, 'epoch': 2.31}
{'loss': 1.3189, 'grad_norm': 0.9118903875350952, 'learning_rate': 2.439401277765776e-05, 'epoch': 2.32}
{'loss': 1.3014, 'grad_norm': 0.8499574661254883, 'learning_rate': 2.4150798854937683e-05, 'epoch': 2.32}
{'loss': 1.3157, 'grad_norm': 0.8573209047317505, 'learning_rate': 2.3908636838653876e-05, 'epoch': 2.33}
{'loss': 1.294, 'grad_norm': 0.8369717001914978, 'learning_rate': 2.366753008720406e-05, 'epoch': 2.33}
{'loss': 1.2655, 'grad_norm': 0.8480004668235779, 'learning_rate': 2.3427481944351148e-05, 'epoch': 2.33}
{'loss': 1.2732, 'grad_norm': 0.830661416053772, 'learning_rate': 2.3188495739176796e-05, 'epoch': 2.34}
{'loss': 1.3006, 'grad_norm': 0.861851692199707, 'learning_rate': 2.295057478603535e-05, 'epoch': 2.34}
{'loss': 1.2975, 'grad_norm': 0.878853976726532, 'learning_rate': 2.2713722384507807e-05, 'epoch': 2.34}
{'loss': 1.2848, 'grad_norm': 0.924155056476593, 'learning_rate': 2.2477941819355986e-05, 'epoch': 2.35}
{'loss': 1.2854, 'grad_norm': 0.9031717777252197, 'learning_rate': 2.224323636047725e-05, 'epoch': 2.35}
{'loss': 1.2873, 'grad_norm': 0.9423972368240356, 'learning_rate': 2.2009609262858753e-05, 'epoch': 2.35}
{'loss': 1.2333, 'grad_norm': 0.9153026342391968, 'learning_rate': 2.1777063766532648e-05, 'epoch': 2.36}
{'loss': 1.2754, 'grad_norm': 0.9517785310745239, 'learning_rate': 2.1545603096530996e-05, 'epoch': 2.36}
{'loss': 1.286, 'grad_norm': 0.901883602142334, 'learning_rate': 2.1315230462840985e-05, 'epoch': 2.36}
{'loss': 1.3067, 'grad_norm': 0.9313580393791199, 'learning_rate': 2.1085949060360654e-05, 'epoch': 2.37}
{'loss': 1.2516, 'grad_norm': 0.7793908715248108, 'learning_rate': 2.0857762068854226e-05, 'epoch': 2.37}
{'loss': 1.3159, 'grad_norm': 0.8611156344413757, 'learning_rate': 2.0630672652908323e-05, 'epoch': 2.38}
{'loss': 1.3171, 'grad_norm': 0.9447564482688904, 'learning_rate': 2.0404683961887926e-05, 'epoch': 2.38}
{'loss': 1.2655, 'grad_norm': 0.9640461206436157, 'learning_rate': 2.0179799129892774e-05, 'epoch': 2.38}
{'loss': 1.2911, 'grad_norm': 0.9004772901535034, 'learning_rate': 1.995602127571373e-05, 'epoch': 2.39}
{'loss': 1.2851, 'grad_norm': 0.9110164046287537, 'learning_rate': 1.9733353502789855e-05, 'epoch': 2.39}
{'loss': 1.2683, 'grad_norm': 0.846369743347168, 'learning_rate': 1.951179889916498e-05, 'epoch': 2.39}
{'loss': 1.3257, 'grad_norm': 0.8874975442886353, 'learning_rate': 1.9291360537445156e-05, 'epoch': 2.4}
{'loss': 1.3233, 'grad_norm': 0.9391466379165649, 'learning_rate': 1.9072041474755985e-05, 'epoch': 2.4}
{'loss': 1.279, 'grad_norm': 0.8713158369064331, 'learning_rate': 1.8853844752700056e-05, 'epoch': 2.4}
{'loss': 1.2528, 'grad_norm': 0.904766857624054, 'learning_rate': 1.863677339731511e-05, 'epoch': 2.41}
{'loss': 1.3042, 'grad_norm': 0.980811595916748, 'learning_rate': 1.8420830419031665e-05, 'epoch': 2.41}
{'loss': 1.3052, 'grad_norm': 0.9007731676101685, 'learning_rate': 1.8206018812631552e-05, 'epoch': 2.41}
{'loss': 1.2644, 'grad_norm': 0.9733810424804688, 'learning_rate': 1.7992341557206305e-05, 'epoch': 2.42}
{'loss': 1.3279, 'grad_norm': 0.8439499139785767, 'learning_rate': 1.777980161611582e-05, 'epoch': 2.42}
{'loss': 1.2912, 'grad_norm': 0.904119074344635, 'learning_rate': 1.756840193694723e-05, 'epoch': 2.42}
{'loss': 1.3195, 'grad_norm': 0.8820804357528687, 'learning_rate': 1.7358145451474116e-05, 'epoch': 2.43}
{'loss': 1.2615, 'grad_norm': 0.8483074903488159, 'learning_rate': 1.7149035075615794e-05, 'epoch': 2.43}
{'loss': 1.2798, 'grad_norm': 0.8861860036849976, 'learning_rate': 1.6941073709396882e-05, 'epoch': 2.44}
{'loss': 1.2392, 'grad_norm': 0.9105027914047241, 'learning_rate': 1.6734264236907094e-05, 'epoch': 2.44}
{'loss': 1.232, 'grad_norm': 0.9093760251998901, 'learning_rate': 1.652860952626115e-05, 'epoch': 2.44}
{'loss': 1.2692, 'grad_norm': 0.8351019024848938, 'learning_rate': 1.6324112429559235e-05, 'epoch': 2.45}
{'loss': 1.3034, 'grad_norm': 0.9524886608123779, 'learning_rate': 1.612077578284713e-05, 'epoch': 2.45}
{'loss': 1.2832, 'grad_norm': 0.8682730197906494, 'learning_rate': 1.591860240607713e-05, 'epoch': 2.45}
{'loss': 1.2944, 'grad_norm': 0.8802343010902405, 'learning_rate': 1.571759510306885e-05, 'epoch': 2.46}
{'loss': 1.2733, 'grad_norm': 0.9406906962394714, 'learning_rate': 1.5517756661470284e-05, 'epoch': 2.46}
{'loss': 1.3111, 'grad_norm': 0.8506156206130981, 'learning_rate': 1.531908985271927e-05, 'epoch': 2.46}
{'loss': 1.2418, 'grad_norm': 0.9589665532112122, 'learning_rate': 1.5121597432004897e-05, 'epoch': 2.47}
{'loss': 1.3037, 'grad_norm': 0.950085461139679, 'learning_rate': 1.4925282138229446e-05, 'epoch': 2.47}
{'loss': 1.3144, 'grad_norm': 0.8593399524688721, 'learning_rate': 1.4730146693970315e-05, 'epoch': 2.47}
{'loss': 1.2653, 'grad_norm': 0.8647935390472412, 'learning_rate': 1.453619380544231e-05, 'epoch': 2.48}
{'loss': 1.2721, 'grad_norm': 0.8924587965011597, 'learning_rate': 1.4343426162460016e-05, 'epoch': 2.48}
{'loss': 1.2841, 'grad_norm': 0.972202718257904, 'learning_rate': 1.4151846438400718e-05, 'epoch': 2.49}
{'loss': 1.2646, 'grad_norm': 0.8410770297050476, 'learning_rate': 1.396145729016698e-05, 'epoch': 2.49}
{'loss': 1.2628, 'grad_norm': 0.8589641451835632, 'learning_rate': 1.3772261358150196e-05, 'epoch': 2.49}
{'loss': 1.2886, 'grad_norm': 0.931299090385437, 'learning_rate': 1.3584261266193598e-05, 'epoch': 2.5}
{'loss': 1.2819, 'grad_norm': 0.9470932483673096, 'learning_rate': 1.339745962155613e-05, 'epoch': 2.5}
{'loss': 1.3085, 'grad_norm': 0.9329046010971069, 'learning_rate': 1.3211859014876215e-05, 'epoch': 2.5}
{'loss': 1.2684, 'grad_norm': 0.9037466645240784, 'learning_rate': 1.302746202013574e-05, 'epoch': 2.51}
{'loss': 1.2712, 'grad_norm': 0.8709708452224731, 'learning_rate': 1.2844271194624469e-05, 'epoch': 2.51}
{'loss': 1.2448, 'grad_norm': 0.8554425239562988, 'learning_rate': 1.2662289078904543e-05, 'epoch': 2.51}
{'loss': 1.2953, 'grad_norm': 0.8594262599945068, 'learning_rate': 1.2481518196775256e-05, 'epoch': 2.52}
{'loss': 1.3056, 'grad_norm': 0.9995797276496887, 'learning_rate': 1.2301961055237987e-05, 'epoch': 2.52}
{'loss': 1.2913, 'grad_norm': 0.8414933681488037, 'learning_rate': 1.2123620144461567e-05, 'epoch': 2.52}
{'loss': 1.2793, 'grad_norm': 0.9508519768714905, 'learning_rate': 1.1946497937747547e-05, 'epoch': 2.53}
{'loss': 1.3151, 'grad_norm': 0.9753400087356567, 'learning_rate': 1.1770596891496144e-05, 'epoch': 2.53}
{'loss': 1.2971, 'grad_norm': 0.8439011573791504, 'learning_rate': 1.1595919445171944e-05, 'epoch': 2.54}
{'loss': 1.2992, 'grad_norm': 0.8668839335441589, 'learning_rate': 1.1422468021270205e-05, 'epoch': 2.54}
{'loss': 1.3104, 'grad_norm': 0.8886711597442627, 'learning_rate': 1.1250245025283247e-05, 'epoch': 2.54}
{'loss': 1.2817, 'grad_norm': 0.8068785071372986, 'learning_rate': 1.1079252845667e-05, 'epoch': 2.55}
{'loss': 1.3107, 'grad_norm': 0.8575688600540161, 'learning_rate': 1.0909493853808061e-05, 'epoch': 2.55}
{'loss': 1.264, 'grad_norm': 0.9432166218757629, 'learning_rate': 1.0740970403990603e-05, 'epoch': 2.55}
{'loss': 1.315, 'grad_norm': 0.8748216032981873, 'learning_rate': 1.057368483336384e-05, 'epoch': 2.56}
{'loss': 1.3337, 'grad_norm': 0.8494176864624023, 'learning_rate': 1.0407639461909613e-05, 'epoch': 2.56}
{'loss': 1.2912, 'grad_norm': 0.8353797793388367, 'learning_rate': 1.024283659241021e-05, 'epoch': 2.56}
{'loss': 1.294, 'grad_norm': 0.8538256883621216, 'learning_rate': 1.0079278510416313e-05, 'epoch': 2.57}
{'loss': 1.3335, 'grad_norm': 0.8552274703979492, 'learning_rate': 9.916967484215568e-06, 'epoch': 2.57}
{'loss': 1.3358, 'grad_norm': 0.8359338045120239, 'learning_rate': 9.755905764800822e-06, 'epoch': 2.57}
{'loss': 1.3186, 'grad_norm': 0.903057873249054, 'learning_rate': 9.596095585839104e-06, 'epoch': 2.58}
{'loss': 1.3246, 'grad_norm': 0.8446744680404663, 'learning_rate': 9.437539163640618e-06, 'epoch': 2.58}
{'loss': 1.2664, 'grad_norm': 0.923836886882782, 'learning_rate': 9.280238697127864e-06, 'epoch': 2.58}
{'loss': 1.2917, 'grad_norm': 0.830663800239563, 'learning_rate': 9.124196367805427e-06, 'epoch': 2.59}
{'loss': 1.31, 'grad_norm': 0.8697441220283508, 'learning_rate': 8.969414339729398e-06, 'epoch': 2.59}
{'loss': 1.2592, 'grad_norm': 0.8563098907470703, 'learning_rate': 8.815894759477616e-06, 'epoch': 2.6}
{'loss': 1.3211, 'grad_norm': 0.8376175761222839, 'learning_rate': 8.663639756119735e-06, 'epoch': 2.6}
{'loss': 1.3471, 'grad_norm': 0.9394742250442505, 'learning_rate': 8.512651441187824e-06, 'epoch': 2.6}
{'loss': 1.2485, 'grad_norm': 0.9086901545524597, 'learning_rate': 8.362931908646955e-06, 'epoch': 2.61}
{'loss': 1.3094, 'grad_norm': 0.9678069949150085, 'learning_rate': 8.214483234866266e-06, 'epoch': 2.61}
{'loss': 1.289, 'grad_norm': 0.9610472321510315, 'learning_rate': 8.067307478590125e-06, 'epoch': 2.61}
{'loss': 1.2587, 'grad_norm': 0.8667344450950623, 'learning_rate': 7.921406680909583e-06, 'epoch': 2.62}
{'loss': 1.2942, 'grad_norm': 1.044763445854187, 'learning_rate': 7.776782865234066e-06, 'epoch': 2.62}
{'loss': 1.2621, 'grad_norm': 0.8221675753593445, 'learning_rate': 7.633438037263274e-06, 'epoch': 2.62}
{'loss': 1.2713, 'grad_norm': 0.9040046334266663, 'learning_rate': 7.491374184959488e-06, 'epoch': 2.63}
{'loss': 1.2775, 'grad_norm': 0.8879102468490601, 'learning_rate': 7.350593278519824e-06, 'epoch': 2.63}
{'loss': 1.3133, 'grad_norm': 0.8578253984451294, 'learning_rate': 7.211097270349066e-06, 'epoch': 2.63}
{'loss': 1.3293, 'grad_norm': 0.9676914811134338, 'learning_rate': 7.072888095032504e-06, 'epoch': 2.64}
{'loss': 1.2945, 'grad_norm': 0.8732813000679016, 'learning_rate': 6.935967669309118e-06, 'epoch': 2.64}
{'loss': 1.3203, 'grad_norm': 0.8136608600616455, 'learning_rate': 6.800337892045039e-06, 'epoch': 2.65}
{'loss': 1.2954, 'grad_norm': 0.8639839291572571, 'learning_rate': 6.666000644207115e-06, 'epoch': 2.65}
{'loss': 1.3205, 'grad_norm': 0.8581452965736389, 'learning_rate': 6.532957788836935e-06, 'epoch': 2.65}
{'loss': 1.2981, 'grad_norm': 0.831612229347229, 'learning_rate': 6.401211171024957e-06, 'epoch': 2.66}
{'loss': 1.278, 'grad_norm': 0.8122476935386658, 'learning_rate': 6.270762617884885e-06, 'epoch': 2.66}
{'loss': 1.3027, 'grad_norm': 1.0347483158111572, 'learning_rate': 6.141613938528323e-06, 'epoch': 2.66}
{'loss': 1.3213, 'grad_norm': 0.856292724609375, 'learning_rate': 6.0137669240398205e-06, 'epoch': 2.67}
{'loss': 1.284, 'grad_norm': 0.8825494647026062, 'learning_rate': 5.8872233474517864e-06, 'epoch': 2.67}
{'loss': 1.2857, 'grad_norm': 0.878965437412262, 'learning_rate': 5.7619849637201904e-06, 'epoch': 2.67}
{'loss': 1.2984, 'grad_norm': 0.9518266916275024, 'learning_rate': 5.6380535096999364e-06, 'epoch': 2.68}
{'loss': 1.3049, 'grad_norm': 0.875240683555603, 'learning_rate': 5.515430704121005e-06, 'epoch': 2.68}
{'loss': 1.2601, 'grad_norm': 0.9308427572250366, 'learning_rate': 5.394118247564528e-06, 'epoch': 2.68}
{'loss': 1.2874, 'grad_norm': 0.8583632111549377, 'learning_rate': 5.27411782243914e-06, 'epoch': 2.69}
{'loss': 1.307, 'grad_norm': 0.9075044393539429, 'learning_rate': 5.155431092957752e-06, 'epoch': 2.69}
{'loss': 1.3127, 'grad_norm': 0.8695255517959595, 'learning_rate': 5.038059705114439e-06, 'epoch': 2.7}
{'loss': 1.2988, 'grad_norm': 0.8661133050918579, 'learning_rate': 4.922005286661591e-06, 'epoch': 2.7}
{'loss': 1.2838, 'grad_norm': 0.8725476861000061, 'learning_rate': 4.807269447087348e-06, 'epoch': 2.7}
{'loss': 1.3274, 'grad_norm': 0.8250584006309509, 'learning_rate': 4.693853777593283e-06, 'epoch': 2.71}
{'loss': 1.2779, 'grad_norm': 0.8618937134742737, 'learning_rate': 4.5817598510723096e-06, 'epoch': 2.71}
{'loss': 1.3017, 'grad_norm': 0.9863287210464478, 'learning_rate': 4.470989222086952e-06, 'epoch': 2.71}
{'loss': 1.293, 'grad_norm': 0.8560786843299866, 'learning_rate': 4.361543426847669e-06, 'epoch': 2.72}
{'loss': 1.2919, 'grad_norm': 0.8635641932487488, 'learning_rate': 4.2534239831916176e-06, 'epoch': 2.72}
{'loss': 1.2782, 'grad_norm': 0.8529106378555298, 'learning_rate': 4.146632390561622e-06, 'epoch': 2.72}
{'loss': 1.2577, 'grad_norm': 0.8444058895111084, 'learning_rate': 4.041170129985294e-06, 'epoch': 2.73}
{'loss': 1.2835, 'grad_norm': 0.8879088759422302, 'learning_rate': 3.937038664054604e-06, 'epoch': 2.73}
{'loss': 1.2574, 'grad_norm': 0.8219529390335083, 'learning_rate': 3.834239436905518e-06, 'epoch': 2.73}
{'loss': 1.2889, 'grad_norm': 0.8760197758674622, 'learning_rate': 3.73277387419797e-06, 'epoch': 2.74}
{'loss': 1.3285, 'grad_norm': 0.840729832649231, 'learning_rate': 3.632643383096157e-06, 'epoch': 2.74}
{'loss': 1.2898, 'grad_norm': 0.9496608376502991, 'learning_rate': 3.5338493522489525e-06, 'epoch': 2.74}
{'loss': 1.3313, 'grad_norm': 0.8817744851112366, 'learning_rate': 3.436393151770645e-06, 'epoch': 2.75}
{'loss': 1.2742, 'grad_norm': 0.8493604063987732, 'learning_rate': 3.3402761332220642e-06, 'epoch': 2.75}
{'loss': 1.3169, 'grad_norm': 0.9552514553070068, 'learning_rate': 3.245499629591631e-06, 'epoch': 2.76}
{'loss': 1.3475, 'grad_norm': 0.9970747828483582, 'learning_rate': 3.1520649552770343e-06, 'epoch': 2.76}
{'loss': 1.3084, 'grad_norm': 0.8138588070869446, 'learning_rate': 3.059973406066963e-06, 'epoch': 2.76}
{'loss': 1.3064, 'grad_norm': 0.7904712557792664, 'learning_rate': 2.96922625912307e-06, 'epoch': 2.77}
{'loss': 1.2697, 'grad_norm': 0.8423551917076111, 'learning_rate': 2.8798247729623806e-06, 'epoch': 2.77}
{'loss': 1.2894, 'grad_norm': 0.8585193753242493, 'learning_rate': 2.7917701874396906e-06, 'epoch': 2.77}
{'loss': 1.3069, 'grad_norm': 0.9109094142913818, 'learning_rate': 2.7050637237304943e-06, 'epoch': 2.78}
{'loss': 1.2428, 'grad_norm': 0.8757946491241455, 'learning_rate': 2.619706584314019e-06, 'epoch': 2.78}
{'loss': 1.2772, 'grad_norm': 0.9686812162399292, 'learning_rate': 2.535699952956505e-06, 'epoch': 2.78}
{'loss': 1.3089, 'grad_norm': 0.8566319346427917, 'learning_rate': 2.4530449946948084e-06, 'epoch': 2.79}
{'loss': 1.2855, 'grad_norm': 0.8916006088256836, 'learning_rate': 2.3717428558202915e-06, 'epoch': 2.79}
{'loss': 1.3151, 'grad_norm': 0.9800423979759216, 'learning_rate': 2.2917946638628674e-06, 'epoch': 2.79}
{'loss': 1.2951, 'grad_norm': 0.8905237317085266, 'learning_rate': 2.2132015275753704e-06, 'epoch': 2.8}
{'loss': 1.2451, 'grad_norm': 0.8781279921531677, 'learning_rate': 2.1359645369182223e-06, 'epoch': 2.8}
{'loss': 1.2889, 'grad_norm': 0.8685458302497864, 'learning_rate': 2.0600847630442345e-06, 'epoch': 2.81}
{'loss': 1.2549, 'grad_norm': 0.8470485210418701, 'learning_rate': 1.9855632582838844e-06, 'epoch': 2.81}
{'loss': 1.3267, 'grad_norm': 0.7944833040237427, 'learning_rate': 1.912401056130564e-06, 'epoch': 2.81}
{'loss': 1.3174, 'grad_norm': 0.8230935335159302, 'learning_rate': 1.8405991712263537e-06, 'epoch': 2.82}
{'loss': 1.2803, 'grad_norm': 0.8926131129264832, 'learning_rate': 1.7701585993479375e-06, 'epoch': 2.82}
{'loss': 1.2831, 'grad_norm': 0.9575541615486145, 'learning_rate': 1.7010803173927448e-06, 'epoch': 2.82}
{'loss': 1.295, 'grad_norm': 0.9522754549980164, 'learning_rate': 1.6333652833654844e-06, 'epoch': 2.83}
{'loss': 1.329, 'grad_norm': 0.8431999683380127, 'learning_rate': 1.5670144363647333e-06, 'epoch': 2.83}
{'loss': 1.3203, 'grad_norm': 0.8955808281898499, 'learning_rate': 1.5020286965700569e-06, 'epoch': 2.83}
{'loss': 1.2942, 'grad_norm': 1.0032615661621094, 'learning_rate': 1.4384089652291543e-06, 'epoch': 2.84}
{'loss': 1.3486, 'grad_norm': 0.869113028049469, 'learning_rate': 1.376156124645378e-06, 'epoch': 2.84}
{'loss': 1.2669, 'grad_norm': 0.8881009221076965, 'learning_rate': 1.3152710381654998e-06, 'epoch': 2.84}
{'loss': 1.3374, 'grad_norm': 0.9490532279014587, 'learning_rate': 1.2557545501677758e-06, 'epoch': 2.85}
{'loss': 1.296, 'grad_norm': 0.9237322807312012, 'learning_rate': 1.1976074860501452e-06, 'epoch': 2.85}
{'loss': 1.3019, 'grad_norm': 0.8626344203948975, 'learning_rate': 1.140830652218916e-06, 'epoch': 2.86}
{'loss': 1.2852, 'grad_norm': 0.8999902606010437, 'learning_rate': 1.08542483607742e-06, 'epoch': 2.86}
{'loss': 1.315, 'grad_norm': 0.8661285042762756, 'learning_rate': 1.0313908060152422e-06, 'epoch': 2.86}
{'loss': 1.2875, 'grad_norm': 0.928471028804779, 'learning_rate': 9.78729311397486e-07, 'epoch': 2.87}
{'loss': 1.2785, 'grad_norm': 0.9122305512428284, 'learning_rate': 9.2744108255437e-07, 'epoch': 2.87}
{'loss': 1.2612, 'grad_norm': 0.9295850992202759, 'learning_rate': 8.775268307711582e-07, 'epoch': 2.87}
{'loss': 1.221, 'grad_norm': 0.8236032724380493, 'learning_rate': 8.289872482782457e-07, 'epoch': 2.88}
{'loss': 1.3001, 'grad_norm': 0.9226320385932922, 'learning_rate': 7.818230082415778e-07, 'epoch': 2.88}
{'loss': 1.2599, 'grad_norm': 0.8545711636543274, 'learning_rate': 7.360347647533128e-07, 'epoch': 2.88}
{'loss': 1.3213, 'grad_norm': 0.8048949241638184, 'learning_rate': 6.916231528227513e-07, 'epoch': 2.89}
{'loss': 1.2551, 'grad_norm': 0.8843712210655212, 'learning_rate': 6.485887883675213e-07, 'epoch': 2.89}
{'loss': 1.285, 'grad_norm': 0.8698734045028687, 'learning_rate': 6.069322682050516e-07, 'epoch': 2.89}
{'loss': 1.3161, 'grad_norm': 0.9378608465194702, 'learning_rate': 5.666541700442895e-07, 'epoch': 2.9}
{'loss': 1.2456, 'grad_norm': 0.9677067995071411, 'learning_rate': 5.277550524776631e-07, 'epoch': 2.9}
{'loss': 1.2734, 'grad_norm': 0.9086164832115173, 'learning_rate': 4.902354549733978e-07, 'epoch': 2.9}
{'loss': 1.296, 'grad_norm': 1.0518182516098022, 'learning_rate': 4.540958978679566e-07, 'epoch': 2.91}
{'loss': 1.2877, 'grad_norm': 0.8706418871879578, 'learning_rate': 4.193368823588673e-07, 'epoch': 2.91}
{'loss': 1.2704, 'grad_norm': 0.8847621083259583, 'learning_rate': 3.85958890497784e-07, 'epoch': 2.92}
{'loss': 1.3255, 'grad_norm': 0.820522665977478, 'learning_rate': 3.539623851837814e-07, 'epoch': 2.92}
{'loss': 1.3214, 'grad_norm': 0.8684192299842834, 'learning_rate': 3.233478101569154e-07, 'epoch': 2.92}
{'loss': 1.2571, 'grad_norm': 0.8810763359069824, 'learning_rate': 2.9411558999211664e-07, 'epoch': 2.93}
{'loss': 1.3105, 'grad_norm': 0.8979477882385254, 'learning_rate': 2.662661300932623e-07, 'epoch': 2.93}
{'loss': 1.2524, 'grad_norm': 0.8547248840332031, 'learning_rate': 2.3979981668756924e-07, 'epoch': 2.93}
{'loss': 1.2996, 'grad_norm': 0.8283141851425171, 'learning_rate': 2.147170168202428e-07, 'epoch': 2.94}
{'loss': 1.26, 'grad_norm': 0.8595641255378723, 'learning_rate': 1.910180783493809e-07, 'epoch': 2.94}
{'loss': 1.2995, 'grad_norm': 0.8454899191856384, 'learning_rate': 1.6870332994114445e-07, 'epoch': 2.94}
{'loss': 1.2642, 'grad_norm': 0.9364226460456848, 'learning_rate': 1.477730810652056e-07, 'epoch': 2.95}
{'loss': 1.2645, 'grad_norm': 0.8863463997840881, 'learning_rate': 1.2822762199046212e-07, 'epoch': 2.95}
{'loss': 1.2976, 'grad_norm': 0.8655264377593994, 'learning_rate': 1.1006722378098521e-07, 'epoch': 2.95}
{'loss': 1.3086, 'grad_norm': 0.8687565922737122, 'learning_rate': 9.329213829230021e-08, 'epoch': 2.96}
{'loss': 1.3327, 'grad_norm': 0.807961106300354, 'learning_rate': 7.790259816786716e-08, 'epoch': 2.96}
{'loss': 1.2547, 'grad_norm': 0.8562897443771362, 'learning_rate': 6.389881683585009e-08, 'epoch': 2.97}
{'loss': 1.2915, 'grad_norm': 0.9079629182815552, 'learning_rate': 5.128098850617491e-08, 'epoch': 2.97}
{'loss': 1.2802, 'grad_norm': 0.9306991100311279, 'learning_rate': 4.0049288167842705e-08, 'epoch': 2.97}
{'loss': 1.3143, 'grad_norm': 0.8043377995491028, 'learning_rate': 3.020387158645388e-08, 'epoch': 2.98}
{'loss': 1.2279, 'grad_norm': 0.8507088422775269, 'learning_rate': 2.1744875302109892e-08, 'epoch': 2.98}
{'loss': 1.2888, 'grad_norm': 0.8501165509223938, 'learning_rate': 1.4672416627481423e-08, 'epoch': 2.98}
{'loss': 1.2621, 'grad_norm': 0.8445016741752625, 'learning_rate': 8.986593646209685e-09, 'epoch': 2.99}
{'loss': 1.3261, 'grad_norm': 1.0090627670288086, 'learning_rate': 4.687485211507525e-09, 'epoch': 2.99}
{'loss': 1.2963, 'grad_norm': 0.8793734908103943, 'learning_rate': 1.7751509450825154e-09, 'epoch': 2.99}
{'loss': 1.2859, 'grad_norm': 0.9593175649642944, 'learning_rate': 2.496312363486908e-10, 'epoch': 3.0}
{'eval_loss': 1.317048192024231, 'eval_runtime': 103.2747, 'eval_samples_per_second': 24.207, 'eval_steps_per_second': 3.031, 'epoch': 3.0}
{'train_runtime': 16079.1618, 'train_samples_per_second': 8.396, 'train_steps_per_second': 0.525, 'train_loss': 1.3514888187108192, 'epoch': 3.0}
!!! training complete: ablation_outputs/gemma-2b-recipe-adapter-r16 !!!

========== EVAL rank=16 ==========
[qlora_r16] evaluating on 200 examples...
  25/200
  50/200
  75/200
  100/200
  125/200
  150/200
  175/200
  200/200
[qlora_r16] ROUGE-1=0.4696 ROUGE-2=0.1595 ROUGE-L=0.3172 mean_len=77.5

========== TRAIN rank=64 ==========
Train: 45000  Val: 2500
--- loading model and tokenizer ---
trainable params: 7,372,800 || all params: 2,513,545,216 || trainable%: 0.2933
--- starting training (rank=64) ---
{'loss': 2.8432, 'grad_norm': 6.3178510665893555, 'learning_rate': 0.00019999930658041193, 'epoch': 0.0}
{'loss': 2.0085, 'grad_norm': 0.8695737719535828, 'learning_rate': 0.0001999972263312643, 'epoch': 0.01}
{'loss': 1.8559, 'grad_norm': 0.9464001655578613, 'learning_rate': 0.0001999937592814068, 'epoch': 0.01}
{'loss': 1.6955, 'grad_norm': 0.9001777172088623, 'learning_rate': 0.00019998890547892186, 'epoch': 0.01}
{'loss': 1.6861, 'grad_norm': 0.7989179491996765, 'learning_rate': 0.00019998266499112396, 'epoch': 0.02}
{'loss': 1.605, 'grad_norm': 0.8138497471809387, 'learning_rate': 0.00019997503790455853, 'epoch': 0.02}
{'loss': 1.5754, 'grad_norm': 0.8292118310928345, 'learning_rate': 0.0001999660243250011, 'epoch': 0.02}
{'loss': 1.5965, 'grad_norm': 0.8834567666053772, 'learning_rate': 0.00019995562437745542, 'epoch': 0.03}
{'loss': 1.554, 'grad_norm': 0.8769901394844055, 'learning_rate': 0.00019994383820615212, 'epoch': 0.03}
{'loss': 1.5517, 'grad_norm': 0.887104868888855, 'learning_rate': 0.0001999306659745464, 'epoch': 0.04}
{'loss': 1.557, 'grad_norm': 0.8833437561988831, 'learning_rate': 0.00019991610786531595, 'epoch': 0.04}
{'loss': 1.5268, 'grad_norm': 0.7813655734062195, 'learning_rate': 0.0001999001640803583, 'epoch': 0.04}
{'loss': 1.504, 'grad_norm': 0.7593773603439331, 'learning_rate': 0.00019988283484078813, 'epoch': 0.05}
{'loss': 1.4735, 'grad_norm': 1.0817835330963135, 'learning_rate': 0.00019986412038693413, 'epoch': 0.05}
{'loss': 1.4584, 'grad_norm': 0.7289586067199707, 'learning_rate': 0.00019984402097833565, 'epoch': 0.05}
{'loss': 1.4934, 'grad_norm': 1.037733554840088, 'learning_rate': 0.0001998225368937392, 'epoch': 0.06}
{'loss': 1.498, 'grad_norm': 0.7462272047996521, 'learning_rate': 0.00019979966843109445, 'epoch': 0.06}
{'loss': 1.5023, 'grad_norm': 0.9270676374435425, 'learning_rate': 0.00019977541590755023, 'epoch': 0.06}
{'loss': 1.4852, 'grad_norm': 0.878391444683075, 'learning_rate': 0.00019974977965945, 'epoch': 0.07}
{'loss': 1.5032, 'grad_norm': 0.8324834704399109, 'learning_rate': 0.00019972276004232728, 'epoch': 0.07}
{'loss': 1.4494, 'grad_norm': 0.8297922611236572, 'learning_rate': 0.00019969435743090076, 'epoch': 0.07}
{'loss': 1.4691, 'grad_norm': 0.7645132541656494, 'learning_rate': 0.00019966457221906895, 'epoch': 0.08}
{'loss': 1.4868, 'grad_norm': 0.7964703440666199, 'learning_rate': 0.0001996334048199049, 'epoch': 0.08}
{'loss': 1.4671, 'grad_norm': 0.9273765087127686, 'learning_rate': 0.00019960085566565018, 'epoch': 0.09}
{'loss': 1.4682, 'grad_norm': 0.8714308738708496, 'learning_rate': 0.0001995669252077093, 'epoch': 0.09}
{'loss': 1.4591, 'grad_norm': 0.8073785901069641, 'learning_rate': 0.00019953161391664316, 'epoch': 0.09}
{'loss': 1.4545, 'grad_norm': 0.8112666010856628, 'learning_rate': 0.00019949492228216254, 'epoch': 0.1}
{'loss': 1.5135, 'grad_norm': 0.8688058257102966, 'learning_rate': 0.0001994568508131214, 'epoch': 0.1}
{'loss': 1.4863, 'grad_norm': 0.8430103063583374, 'learning_rate': 0.00019941740003750984, 'epoch': 0.1}
{'loss': 1.4685, 'grad_norm': 0.728529155254364, 'learning_rate': 0.0001993765705024466, 'epoch': 0.11}
{'loss': 1.4535, 'grad_norm': 0.86507248878479, 'learning_rate': 0.0001993343627741717, 'epoch': 0.11}
{'loss': 1.4315, 'grad_norm': 0.8667671084403992, 'learning_rate': 0.00019929077743803845, 'epoch': 0.11}
{'loss': 1.4815, 'grad_norm': 0.8975966572761536, 'learning_rate': 0.00019924581509850534, 'epoch': 0.12}
{'loss': 1.4405, 'grad_norm': 0.9231821894645691, 'learning_rate': 0.0001991994763791278, 'epoch': 0.12}
{'loss': 1.436, 'grad_norm': 0.7949565052986145, 'learning_rate': 0.00019915176192254923, 'epoch': 0.12}
{'loss': 1.4568, 'grad_norm': 0.7944486737251282, 'learning_rate': 0.00019910267239049245, 'epoch': 0.13}
{'loss': 1.4251, 'grad_norm': 0.8079059720039368, 'learning_rate': 0.00019905220846375032, 'epoch': 0.13}
{'loss': 1.4489, 'grad_norm': 0.8158958554267883, 'learning_rate': 0.00019900037084217637, 'epoch': 0.14}
{'loss': 1.379, 'grad_norm': 0.8322610855102539, 'learning_rate': 0.00019894716024467502, 'epoch': 0.14}
{'loss': 1.443, 'grad_norm': 0.9000592827796936, 'learning_rate': 0.00019889257740919174, 'epoch': 0.14}
{'loss': 1.4652, 'grad_norm': 0.908309817314148, 'learning_rate': 0.00019883662309270257, 'epoch': 0.15}
{'loss': 1.4511, 'grad_norm': 0.8595435619354248, 'learning_rate': 0.00019877929807120398, 'epoch': 0.15}
{'loss': 1.4197, 'grad_norm': 0.7724751234054565, 'learning_rate': 0.00019872060313970175, 'epoch': 0.15}
{'loss': 1.4596, 'grad_norm': 0.7436137795448303, 'learning_rate': 0.00019866053911220027, 'epoch': 0.16}
{'loss': 1.4293, 'grad_norm': 0.7599999308586121, 'learning_rate': 0.00019859910682169094, 'epoch': 0.16}
{'loss': 1.4074, 'grad_norm': 0.7845420241355896, 'learning_rate': 0.00019853630712014087, 'epoch': 0.16}
{'loss': 1.4193, 'grad_norm': 0.8104659914970398, 'learning_rate': 0.00019847214087848088, 'epoch': 0.17}
{'loss': 1.4367, 'grad_norm': 0.7586010098457336, 'learning_rate': 0.0001984066089865936, 'epoch': 0.17}
{'loss': 1.4161, 'grad_norm': 0.7401686310768127, 'learning_rate': 0.00019833971235330093, 'epoch': 0.17}
{'loss': 1.4288, 'grad_norm': 0.8532094955444336, 'learning_rate': 0.00019827145190635164, 'epoch': 0.18}
{'loss': 1.4328, 'grad_norm': 0.8702740669250488, 'learning_rate': 0.0001982018285924083, 'epoch': 0.18}
{'loss': 1.4023, 'grad_norm': 0.6835426092147827, 'learning_rate': 0.0001981308433770343, 'epoch': 0.18}
{'loss': 1.4371, 'grad_norm': 0.8376561403274536, 'learning_rate': 0.0001980584972446805, 'epoch': 0.19}
{'loss': 1.4382, 'grad_norm': 0.8146264553070068, 'learning_rate': 0.00019798479119867134, 'epoch': 0.19}
{'loss': 1.4227, 'grad_norm': 0.893117368221283, 'learning_rate': 0.0001979097262611911, 'epoch': 0.2}
{'loss': 1.4395, 'grad_norm': 0.9619780778884888, 'learning_rate': 0.00019783330347326983, 'epoch': 0.2}
{'loss': 1.4603, 'grad_norm': 0.801824688911438, 'learning_rate': 0.00019775552389476864, 'epoch': 0.2}
{'loss': 1.4577, 'grad_norm': 0.7517933249473572, 'learning_rate': 0.0001976763886043652, 'epoch': 0.21}
{'loss': 1.4401, 'grad_norm': 0.8293883204460144, 'learning_rate': 0.0001975958986995387, 'epoch': 0.21}
{'loss': 1.4102, 'grad_norm': 0.748751699924469, 'learning_rate': 0.00019751405529655475, 'epoch': 0.21}
{'loss': 1.4284, 'grad_norm': 0.7567448616027832, 'learning_rate': 0.00019743085953044968, 'epoch': 0.22}
{'loss': 1.4225, 'grad_norm': 0.7863554358482361, 'learning_rate': 0.00019734631255501493, 'epoch': 0.22}
{'loss': 1.4003, 'grad_norm': 0.7841626405715942, 'learning_rate': 0.0001972604155427811, 'epoch': 0.22}
{'loss': 1.4419, 'grad_norm': 0.8265067934989929, 'learning_rate': 0.00019717316968500165, 'epoch': 0.23}
{'loss': 1.4695, 'grad_norm': 0.747226893901825, 'learning_rate': 0.00019708457619163627, 'epoch': 0.23}
{'loss': 1.4291, 'grad_norm': 0.7587457895278931, 'learning_rate': 0.00019699463629133424, 'epoch': 0.23}
{'loss': 1.4372, 'grad_norm': 0.7412014603614807, 'learning_rate': 0.00019690335123141736, 'epoch': 0.24}
{'loss': 1.3944, 'grad_norm': 0.8254662156105042, 'learning_rate': 0.00019681072227786258, 'epoch': 0.24}
{'loss': 1.4, 'grad_norm': 0.8794146776199341, 'learning_rate': 0.0001967167507152845, 'epoch': 0.25}
{'loss': 1.4088, 'grad_norm': 0.7644296288490295, 'learning_rate': 0.0001966214378469176, 'epoch': 0.25}
{'loss': 1.3869, 'grad_norm': 0.9079276323318481, 'learning_rate': 0.000196524784994598, 'epoch': 0.25}
{'loss': 1.3652, 'grad_norm': 0.7772696614265442, 'learning_rate': 0.00019642679349874548, 'epoch': 0.26}
{'loss': 1.3954, 'grad_norm': 0.8238678574562073, 'learning_rate': 0.0001963274647183443, 'epoch': 0.26}
{'loss': 1.4052, 'grad_norm': 0.7481184005737305, 'learning_rate': 0.00019622680003092503, 'epoch': 0.26}
{'loss': 1.3709, 'grad_norm': 0.7929216027259827, 'learning_rate': 0.000196124800832545, 'epoch': 0.27}
{'loss': 1.375, 'grad_norm': 0.962215781211853, 'learning_rate': 0.00019602146853776894, 'epoch': 0.27}
{'loss': 1.4102, 'grad_norm': 0.9484502673149109, 'learning_rate': 0.0001959168045796497, 'epoch': 0.27}
{'loss': 1.3865, 'grad_norm': 0.885109007358551, 'learning_rate': 0.00019581081040970805, 'epoch': 0.28}
{'loss': 1.4089, 'grad_norm': 0.7369959950447083, 'learning_rate': 0.0001957034874979126, 'epoch': 0.28}
{'loss': 1.4369, 'grad_norm': 0.7799032330513, 'learning_rate': 0.00019559483733265953, 'epoch': 0.28}
{'loss': 1.4311, 'grad_norm': 0.8054990768432617, 'learning_rate': 0.00019548486142075198, 'epoch': 0.29}
{'loss': 1.4386, 'grad_norm': 0.8218091726303101, 'learning_rate': 0.00019537356128737895, 'epoch': 0.29}
{'loss': 1.3654, 'grad_norm': 0.7759413123130798, 'learning_rate': 0.00019526093847609425, 'epoch': 0.3}
{'loss': 1.3956, 'grad_norm': 0.8152592778205872, 'learning_rate': 0.00019514699454879517, 'epoch': 0.3}
{'loss': 1.3578, 'grad_norm': 0.895912230014801, 'learning_rate': 0.00019503173108570074, 'epoch': 0.3}
{'loss': 1.3678, 'grad_norm': 0.8148266673088074, 'learning_rate': 0.00019491514968532985, 'epoch': 0.31}
{'loss': 1.4386, 'grad_norm': 0.8267699480056763, 'learning_rate': 0.00019479725196447898, 'epoch': 0.31}
{'loss': 1.3667, 'grad_norm': 0.937403678894043, 'learning_rate': 0.00019467803955819995, 'epoch': 0.31}
{'loss': 1.3751, 'grad_norm': 0.7692418098449707, 'learning_rate': 0.00019455751411977707, 'epoch': 0.32}
{'loss': 1.3839, 'grad_norm': 0.9501579403877258, 'learning_rate': 0.00019443567732070437, 'epoch': 0.32}
{'loss': 1.3941, 'grad_norm': 0.9101117253303528, 'learning_rate': 0.00019431253085066232, 'epoch': 0.32}
{'loss': 1.4197, 'grad_norm': 0.756985604763031, 'learning_rate': 0.0001941880764174944, 'epoch': 0.33}
{'loss': 1.371, 'grad_norm': 0.7752302289009094, 'learning_rate': 0.00019406231574718344, 'epoch': 0.33}
{'loss': 1.3786, 'grad_norm': 0.792535662651062, 'learning_rate': 0.0001939352505838277, 'epoch': 0.33}
{'loss': 1.4044, 'grad_norm': 0.770732045173645, 'learning_rate': 0.0001938068826896166, 'epoch': 0.34}
{'loss': 1.3814, 'grad_norm': 0.7670952677726746, 'learning_rate': 0.00019367721384480643, 'epoch': 0.34}
{'loss': 1.3474, 'grad_norm': 0.8846272826194763, 'learning_rate': 0.0001935462458476955, 'epoch': 0.34}
{'loss': 1.3731, 'grad_norm': 0.8087268471717834, 'learning_rate': 0.00019341398051459934, 'epoch': 0.35}
{'loss': 1.3904, 'grad_norm': 0.7792734503746033, 'learning_rate': 0.00019328041967982536, 'epoch': 0.35}
{'loss': 1.4454, 'grad_norm': 0.7524885535240173, 'learning_rate': 0.00019314556519564756, 'epoch': 0.36}
{'loss': 1.3733, 'grad_norm': 0.8395450711250305, 'learning_rate': 0.00019300941893228083, 'epoch': 0.36}
{'loss': 1.4177, 'grad_norm': 0.7434352040290833, 'learning_rate': 0.00019287198277785473, 'epoch': 0.36}
{'loss': 1.4009, 'grad_norm': 0.6837385296821594, 'learning_rate': 0.00019273325863838783, 'epoch': 0.37}
{'loss': 1.4002, 'grad_norm': 0.9653359651565552, 'learning_rate': 0.00019259324843776078, 'epoch': 0.37}
{'loss': 1.3828, 'grad_norm': 1.2938703298568726, 'learning_rate': 0.00019245195411768992, 'epoch': 0.37}
{'loss': 1.3892, 'grad_norm': 0.9212304353713989, 'learning_rate': 0.0001923093776377002, 'epoch': 0.38}
{'loss': 1.3564, 'grad_norm': 0.7980314493179321, 'learning_rate': 0.00019216552097509816, 'epoch': 0.38}
{'loss': 1.3969, 'grad_norm': 0.8002879619598389, 'learning_rate': 0.0001920203861249443, 'epoch': 0.38}
{'loss': 1.3701, 'grad_norm': 0.8174608945846558, 'learning_rate': 0.00019187397510002558, 'epoch': 0.39}
{'loss': 1.4152, 'grad_norm': 0.9333158731460571, 'learning_rate': 0.00019172628993082747, 'epoch': 0.39}
{'loss': 1.4052, 'grad_norm': 0.8237905502319336, 'learning_rate': 0.00019157733266550575, 'epoch': 0.39}
{'loss': 1.3649, 'grad_norm': 0.768039882183075, 'learning_rate': 0.00019142710536985814, 'epoch': 0.4}
{'loss': 1.3728, 'grad_norm': 0.7973117828369141, 'learning_rate': 0.0001912756101272956, 'epoch': 0.4}
{'loss': 1.3511, 'grad_norm': 0.788926899433136, 'learning_rate': 0.0001911228490388136, 'epoch': 0.41}
{'loss': 1.3783, 'grad_norm': 0.7628976702690125, 'learning_rate': 0.00019096882422296263, 'epoch': 0.41}
{'loss': 1.4265, 'grad_norm': 0.7859776616096497, 'learning_rate': 0.00019081353781581924, 'epoch': 0.41}
{'loss': 1.4328, 'grad_norm': 0.8578205704689026, 'learning_rate': 0.00019065699197095615, 'epoch': 0.42}
{'loss': 1.3959, 'grad_norm': 0.7642728686332703, 'learning_rate': 0.00019049918885941246, 'epoch': 0.42}
{'loss': 1.3631, 'grad_norm': 0.844001293182373, 'learning_rate': 0.0001903401306696636, 'epoch': 0.42}
{'loss': 1.3626, 'grad_norm': 0.7423281669616699, 'learning_rate': 0.00019017981960759074, 'epoch': 0.43}
{'loss': 1.3534, 'grad_norm': 0.8820291757583618, 'learning_rate': 0.00019001825789645064, 'epoch': 0.43}
{'loss': 1.3756, 'grad_norm': 0.8468235731124878, 'learning_rate': 0.00018985544777684428, 'epoch': 0.43}
{'loss': 1.3993, 'grad_norm': 0.8907387852668762, 'learning_rate': 0.00018969139150668625, 'epoch': 0.44}
{'loss': 1.4027, 'grad_norm': 0.9227116703987122, 'learning_rate': 0.00018952609136117313, 'epoch': 0.44}
{'loss': 1.3481, 'grad_norm': 0.840072751045227, 'learning_rate': 0.00018935954963275213, 'epoch': 0.44}
{'loss': 1.4088, 'grad_norm': 0.8761824369430542, 'learning_rate': 0.00018919176863108915, 'epoch': 0.45}
{'loss': 1.4077, 'grad_norm': 0.8936712741851807, 'learning_rate': 0.00018902275068303693, 'epoch': 0.45}
{'loss': 1.3503, 'grad_norm': 0.7796369194984436, 'learning_rate': 0.00018885249813260248, 'epoch': 0.46}
{'loss': 1.3713, 'grad_norm': 0.8170245885848999, 'learning_rate': 0.00018868101334091494, 'epoch': 0.46}
{'loss': 1.375, 'grad_norm': 0.7734251022338867, 'learning_rate': 0.00018850829868619258, 'epoch': 0.46}
{'loss': 1.3888, 'grad_norm': 0.9213922023773193, 'learning_rate': 0.00018833435656370986, 'epoch': 0.47}
{'loss': 1.398, 'grad_norm': 0.8725353479385376, 'learning_rate': 0.00018815918938576429, 'epoch': 0.47}
{'loss': 1.3826, 'grad_norm': 0.8667600750923157, 'learning_rate': 0.00018798279958164295, 'epoch': 0.47}
{'loss': 1.394, 'grad_norm': 0.734717845916748, 'learning_rate': 0.0001878051895975887, 'epoch': 0.48}
{'loss': 1.4066, 'grad_norm': 0.7411535978317261, 'learning_rate': 0.00018762636189676642, 'epoch': 0.48}
{'loss': 1.3419, 'grad_norm': 0.9608065485954285, 'learning_rate': 0.00018744631895922868, 'epoch': 0.48}
{'loss': 1.3475, 'grad_norm': 0.8061633110046387, 'learning_rate': 0.00018726506328188152, 'epoch': 0.49}
{'loss': 1.3731, 'grad_norm': 0.9466842412948608, 'learning_rate': 0.00018708259737844964, 'epoch': 0.49}
{'loss': 1.3189, 'grad_norm': 0.8048791289329529, 'learning_rate': 0.00018689892377944168, 'epoch': 0.49}
{'loss': 1.3659, 'grad_norm': 0.7231093645095825, 'learning_rate': 0.00018671404503211512, 'epoch': 0.5}
{'loss': 1.4071, 'grad_norm': 0.7947752475738525, 'learning_rate': 0.00018652796370044076, 'epoch': 0.5}
{'loss': 1.3795, 'grad_norm': 0.7979891896247864, 'learning_rate': 0.00018634068236506748, 'epoch': 0.5}
{'loss': 1.3151, 'grad_norm': 0.9975744485855103, 'learning_rate': 0.0001861522036232862, 'epoch': 0.51}
{'loss': 1.3442, 'grad_norm': 0.8751694560050964, 'learning_rate': 0.00018596253008899393, 'epoch': 0.51}
{'loss': 1.3459, 'grad_norm': 0.7568902969360352, 'learning_rate': 0.00018577166439265756, 'epoch': 0.52}
{'loss': 1.3673, 'grad_norm': 0.8147537112236023, 'learning_rate': 0.00018557960918127734, 'epoch': 0.52}
{'loss': 1.3887, 'grad_norm': 1.0855202674865723, 'learning_rate': 0.00018538636711835018, 'epoch': 0.52}
{'loss': 1.3596, 'grad_norm': 1.0478674173355103, 'learning_rate': 0.00018519194088383273, 'epoch': 0.53}
{'loss': 1.3401, 'grad_norm': 0.9209500551223755, 'learning_rate': 0.00018499633317410413, 'epoch': 0.53}
{'loss': 1.3359, 'grad_norm': 0.7301235198974609, 'learning_rate': 0.0001847995467019288, 'epoch': 0.53}
{'loss': 1.3165, 'grad_norm': 0.7517333030700684, 'learning_rate': 0.00018460158419641857, 'epoch': 0.54}
{'loss': 1.4024, 'grad_norm': 0.7573786377906799, 'learning_rate': 0.00018440244840299506, 'epoch': 0.54}
{'loss': 1.3172, 'grad_norm': 0.8432525396347046, 'learning_rate': 0.00018420214208335141, 'epoch': 0.54}
{'loss': 1.3708, 'grad_norm': 0.796389102935791, 'learning_rate': 0.00018400066801541423, 'epoch': 0.55}
{'loss': 1.3563, 'grad_norm': 0.8449065089225769, 'learning_rate': 0.00018379802899330474, 'epoch': 0.55}
{'loss': 1.3578, 'grad_norm': 0.8632038235664368, 'learning_rate': 0.00018359422782730032, 'epoch': 0.55}
{'loss': 1.3577, 'grad_norm': 0.8917391896247864, 'learning_rate': 0.00018338926734379535, 'epoch': 0.56}
{'loss': 1.3283, 'grad_norm': 0.872882604598999, 'learning_rate': 0.00018318315038526217, 'epoch': 0.56}
{'loss': 1.371, 'grad_norm': 0.8237321972846985, 'learning_rate': 0.00018297587981021144, 'epoch': 0.57}
{'loss': 1.3734, 'grad_norm': 0.8088663816452026, 'learning_rate': 0.00018276745849315275, 'epoch': 0.57}
{'loss': 1.3711, 'grad_norm': 0.7677525877952576, 'learning_rate': 0.00018255788932455458, 'epoch': 0.57}
{'loss': 1.3518, 'grad_norm': 0.7948803901672363, 'learning_rate': 0.0001823471752108042, 'epoch': 0.58}
{'loss': 1.3836, 'grad_norm': 1.336621880531311, 'learning_rate': 0.00018213531907416752, 'epoch': 0.58}
{'loss': 1.3497, 'grad_norm': 1.189801812171936, 'learning_rate': 0.0001819223238527485, 'epoch': 0.58}
{'loss': 1.3379, 'grad_norm': 0.8143771290779114, 'learning_rate': 0.00018170819250044821, 'epoch': 0.59}
{'loss': 1.3632, 'grad_norm': 0.7940838932991028, 'learning_rate': 0.00018149292798692423, 'epoch': 0.59}
{'loss': 1.3151, 'grad_norm': 0.8816723227500916, 'learning_rate': 0.00018127653329754907, 'epoch': 0.59}
{'loss': 1.3349, 'grad_norm': 0.8749596476554871, 'learning_rate': 0.00018105901143336913, 'epoch': 0.6}
{'loss': 1.3713, 'grad_norm': 0.92059326171875, 'learning_rate': 0.00018084036541106283, 'epoch': 0.6}
{'loss': 1.3066, 'grad_norm': 0.8715881705284119, 'learning_rate': 0.00018062059826289884, 'epoch': 0.6}
{'loss': 1.3733, 'grad_norm': 0.9114100337028503, 'learning_rate': 0.00018039971303669407, 'epoch': 0.61}
{'loss': 1.3631, 'grad_norm': 0.8912094235420227, 'learning_rate': 0.0001801777127957714, 'epoch': 0.61}
{'loss': 1.3717, 'grad_norm': 0.761689305305481, 'learning_rate': 0.0001799546006189171, 'epoch': 0.62}
{'loss': 1.3452, 'grad_norm': 0.7596374154090881, 'learning_rate': 0.00017973037960033824, 'epoch': 0.62}
{'loss': 1.3174, 'grad_norm': 0.8867834806442261, 'learning_rate': 0.00017950505284961983, 'epoch': 0.62}
{'loss': 1.3815, 'grad_norm': 0.8607868552207947, 'learning_rate': 0.00017927862349168143, 'epoch': 0.63}
{'loss': 1.367, 'grad_norm': 0.8407592177391052, 'learning_rate': 0.00017905109466673412, 'epoch': 0.63}
{'loss': 1.3526, 'grad_norm': 1.0433896780014038, 'learning_rate': 0.0001788224695302368, 'epoch': 0.63}
{'loss': 1.3216, 'grad_norm': 1.1522142887115479, 'learning_rate': 0.0001785927512528524, 'epoch': 0.64}
{'loss': 1.3537, 'grad_norm': 1.0660067796707153, 'learning_rate': 0.000178361943020404, 'epoch': 0.64}
{'loss': 1.3075, 'grad_norm': 1.2726651430130005, 'learning_rate': 0.0001781300480338306, 'epoch': 0.64}
{'loss': 1.3752, 'grad_norm': 1.289509892463684, 'learning_rate': 0.00017789706950914269, 'epoch': 0.65}
{'loss': 1.3366, 'grad_norm': 0.8359898924827576, 'learning_rate': 0.00017766301067737773, 'epoch': 0.65}
{'loss': 1.3573, 'grad_norm': 0.9267930388450623, 'learning_rate': 0.00017742787478455528, 'epoch': 0.65}
{'loss': 1.3929, 'grad_norm': 0.9017389416694641, 'learning_rate': 0.0001771916650916321, 'epoch': 0.66}
{'loss': 1.3108, 'grad_norm': 0.8732537627220154, 'learning_rate': 0.0001769543848744567, 'epoch': 0.66}
{'loss': 1.3295, 'grad_norm': 0.9532684087753296, 'learning_rate': 0.000176716037423724, 'epoch': 0.66}
{'loss': 1.3214, 'grad_norm': 0.789242684841156, 'learning_rate': 0.00017647662604492996, 'epoch': 0.67}
{'loss': 1.3893, 'grad_norm': 0.8245000243186951, 'learning_rate': 0.0001762361540583253, 'epoch': 0.67}
{'loss': 1.3167, 'grad_norm': 0.7087137699127197, 'learning_rate': 0.00017599462479886974, 'epoch': 0.68}
{'loss': 1.4036, 'grad_norm': 0.7806543707847595, 'learning_rate': 0.00017575204161618572, 'epoch': 0.68}
{'loss': 1.3367, 'grad_norm': 0.8389315605163574, 'learning_rate': 0.0001755084078745118, 'epoch': 0.68}
{'loss': 1.3181, 'grad_norm': 0.8754556775093079, 'learning_rate': 0.00017526372695265619, 'epoch': 0.69}
{'loss': 1.3609, 'grad_norm': 0.7570362687110901, 'learning_rate': 0.00017501800224394972, 'epoch': 0.69}
{'loss': 1.3321, 'grad_norm': 0.8805747032165527, 'learning_rate': 0.00017477123715619897, 'epoch': 0.69}
{'loss': 1.3387, 'grad_norm': 0.8860573768615723, 'learning_rate': 0.00017452343511163885, 'epoch': 0.7}
{'loss': 1.3511, 'grad_norm': 0.9361458420753479, 'learning_rate': 0.00017427459954688515, 'epoch': 0.7}
{'loss': 1.3641, 'grad_norm': 1.1944500207901, 'learning_rate': 0.000174024733912887, 'epoch': 0.7}
{'loss': 1.3667, 'grad_norm': 0.7350687980651855, 'learning_rate': 0.0001737738416748789, 'epoch': 0.71}
{'loss': 1.3389, 'grad_norm': 0.8092253804206848, 'learning_rate': 0.00017352192631233266, 'epoch': 0.71}
{'loss': 1.3272, 'grad_norm': 0.7796528935432434, 'learning_rate': 0.00017326899131890925, 'epoch': 0.71}
{'loss': 1.3735, 'grad_norm': 0.7969355583190918, 'learning_rate': 0.00017301504020241027, 'epoch': 0.72}
{'loss': 1.3749, 'grad_norm': 0.7868667244911194, 'learning_rate': 0.00017276007648472927, 'epoch': 0.72}
{'loss': 1.3769, 'grad_norm': 0.7991397976875305, 'learning_rate': 0.00017250410370180295, 'epoch': 0.73}
{'loss': 1.3483, 'grad_norm': 0.9391458630561829, 'learning_rate': 0.00017224712540356215, 'epoch': 0.73}
{'loss': 1.3645, 'grad_norm': 1.1594429016113281, 'learning_rate': 0.00017198914515388262, 'epoch': 0.73}
{'loss': 1.3828, 'grad_norm': 0.8695794343948364, 'learning_rate': 0.00017173016653053552, 'epoch': 0.74}
{'loss': 1.3101, 'grad_norm': 0.8477169275283813, 'learning_rate': 0.0001714701931251378, 'epoch': 0.74}
{'loss': 1.3307, 'grad_norm': 1.149651288986206, 'learning_rate': 0.00017120922854310257, 'epoch': 0.74}
{'loss': 1.3573, 'grad_norm': 1.220780611038208, 'learning_rate': 0.00017094727640358883, 'epoch': 0.75}
{'loss': 1.3483, 'grad_norm': 0.9221100807189941, 'learning_rate': 0.00017068434033945152, 'epoch': 0.75}
{'loss': 1.3433, 'grad_norm': 0.6810497641563416, 'learning_rate': 0.00017042042399719094, 'epoch': 0.75}
{'loss': 1.3585, 'grad_norm': 0.8901175856590271, 'learning_rate': 0.00017015553103690237, 'epoch': 0.76}
{'loss': 1.3625, 'grad_norm': 0.8644198775291443, 'learning_rate': 0.00016988966513222512, 'epoch': 0.76}
{'loss': 1.3521, 'grad_norm': 0.9793300628662109, 'learning_rate': 0.00016962282997029174, 'epoch': 0.76}
{'loss': 1.396, 'grad_norm': 0.7905980944633484, 'learning_rate': 0.00016935502925167673, 'epoch': 0.77}
{'loss': 1.3792, 'grad_norm': 0.7539426684379578, 'learning_rate': 0.00016908626669034544, 'epoch': 0.77}
{'loss': 1.3389, 'grad_norm': 0.7954468727111816, 'learning_rate': 0.00016881654601360235, 'epoch': 0.78}
{'loss': 1.3369, 'grad_norm': 0.7814408540725708, 'learning_rate': 0.00016854587096203942, 'epoch': 0.78}
{'loss': 1.3395, 'grad_norm': 0.9032050371170044, 'learning_rate': 0.00016827424528948436, 'epoch': 0.78}
{'loss': 1.3502, 'grad_norm': 0.6995618939399719, 'learning_rate': 0.0001680016727629484, 'epoch': 0.79}
{'loss': 1.3046, 'grad_norm': 0.7917764782905579, 'learning_rate': 0.00016772815716257412, 'epoch': 0.79}
{'loss': 1.3403, 'grad_norm': 0.8650510907173157, 'learning_rate': 0.000167453702281583, 'epoch': 0.79}
{'loss': 1.3425, 'grad_norm': 0.8577306866645813, 'learning_rate': 0.00016717831192622287, 'epoch': 0.8}
{'loss': 1.3808, 'grad_norm': 0.8870647549629211, 'learning_rate': 0.00016690198991571505, 'epoch': 0.8}
{'loss': 1.3424, 'grad_norm': 0.8964041471481323, 'learning_rate': 0.00016662474008220142, 'epoch': 0.8}
{'loss': 1.3566, 'grad_norm': 1.0149424076080322, 'learning_rate': 0.00016634656627069133, 'epoch': 0.81}
{'loss': 1.2778, 'grad_norm': 0.7681306600570679, 'learning_rate': 0.00016606747233900815, 'epoch': 0.81}
{'loss': 1.3495, 'grad_norm': 0.7826307415962219, 'learning_rate': 0.00016578746215773589, 'epoch': 0.81}
{'loss': 1.3381, 'grad_norm': 0.8418242335319519, 'learning_rate': 0.00016550653961016539, 'epoch': 0.82}
{'loss': 1.3236, 'grad_norm': 0.8466334342956543, 'learning_rate': 0.00016522470859224063, 'epoch': 0.82}
{'loss': 1.3447, 'grad_norm': 1.5931118726730347, 'learning_rate': 0.00016494197301250457, 'epoch': 0.82}
{'loss': 1.3489, 'grad_norm': 1.2473260164260864, 'learning_rate': 0.000164658336792045, 'epoch': 0.83}
{'loss': 1.3075, 'grad_norm': 0.7944383025169373, 'learning_rate': 0.00016437380386444015, 'epoch': 0.83}
{'loss': 1.3547, 'grad_norm': 0.9943944215774536, 'learning_rate': 0.00016408837817570408, 'epoch': 0.84}
{'loss': 1.2869, 'grad_norm': 0.8449540734291077, 'learning_rate': 0.00016380206368423212, 'epoch': 0.84}
{'loss': 1.3401, 'grad_norm': 0.8699484467506409, 'learning_rate': 0.00016351486436074579, 'epoch': 0.84}
{'loss': 1.3799, 'grad_norm': 0.8360427021980286, 'learning_rate': 0.0001632267841882378, 'epoch': 0.85}
{'loss': 1.3312, 'grad_norm': 0.7793298363685608, 'learning_rate': 0.00016293782716191686, 'epoch': 0.85}
{'loss': 1.3243, 'grad_norm': 0.8194549679756165, 'learning_rate': 0.0001626479972891522, 'epoch': 0.85}
{'loss': 1.365, 'grad_norm': 0.8153435587882996, 'learning_rate': 0.00016235729858941807, 'epoch': 0.86}
{'loss': 1.2962, 'grad_norm': 0.8338820934295654, 'learning_rate': 0.00016206573509423787, 'epoch': 0.86}
{'loss': 1.3235, 'grad_norm': 0.8238924145698547, 'learning_rate': 0.00016177331084712843, 'epoch': 0.86}
{'loss': 1.3411, 'grad_norm': 0.8513154983520508, 'learning_rate': 0.00016148002990354373, 'epoch': 0.87}
{'loss': 1.3595, 'grad_norm': 0.9936740398406982, 'learning_rate': 0.00016118589633081883, 'epoch': 0.87}
{'loss': 1.3437, 'grad_norm': 0.9000475406646729, 'learning_rate': 0.0001608909142081133, 'epoch': 0.87}
{'loss': 1.3218, 'grad_norm': 0.8627220988273621, 'learning_rate': 0.00016059508762635482, 'epoch': 0.88}
{'loss': 1.3426, 'grad_norm': 0.8031638264656067, 'learning_rate': 0.0001602984206881823, 'epoch': 0.88}
{'loss': 1.3017, 'grad_norm': 0.7374935150146484, 'learning_rate': 0.00016000091750788907, 'epoch': 0.89}
{'loss': 1.3239, 'grad_norm': 0.8467555046081543, 'learning_rate': 0.00015970258221136577, 'epoch': 0.89}
{'loss': 1.3484, 'grad_norm': 0.7425279021263123, 'learning_rate': 0.00015940341893604316, 'epoch': 0.89}
{'loss': 1.3603, 'grad_norm': 0.98203045129776, 'learning_rate': 0.00015910343183083477, 'epoch': 0.9}
{'loss': 1.3009, 'grad_norm': 1.9207631349563599, 'learning_rate': 0.0001588026250560793, 'epoch': 0.9}
{'loss': 1.3351, 'grad_norm': 0.7961788177490234, 'learning_rate': 0.00015850100278348296, 'epoch': 0.9}
{'loss': 1.3421, 'grad_norm': 1.0314795970916748, 'learning_rate': 0.00015819856919606153, 'epoch': 0.91}
{'loss': 1.3512, 'grad_norm': 0.8459920883178711, 'learning_rate': 0.0001578953284880825, 'epoch': 0.91}
{'loss': 1.3512, 'grad_norm': 0.8088115453720093, 'learning_rate': 0.00015759128486500688, 'epoch': 0.91}
{'loss': 1.3484, 'grad_norm': 0.8076884150505066, 'learning_rate': 0.0001572864425434307, 'epoch': 0.92}
{'loss': 1.3081, 'grad_norm': 1.1099966764450073, 'learning_rate': 0.00015698080575102661, 'epoch': 0.92}
{'loss': 1.2918, 'grad_norm': 1.1613221168518066, 'learning_rate': 0.00015667437872648554, 'epoch': 0.92}
{'loss': 1.3921, 'grad_norm': 0.776060938835144, 'learning_rate': 0.00015636716571945742, 'epoch': 0.93}
{'loss': 1.2767, 'grad_norm': 1.013155221939087, 'learning_rate': 0.0001560591709904926, 'epoch': 0.93}
{'loss': 1.334, 'grad_norm': 0.8883692026138306, 'learning_rate': 0.00015575039881098266, 'epoch': 0.94}
{'loss': 1.3222, 'grad_norm': 0.9443254470825195, 'learning_rate': 0.0001554408534631011, 'epoch': 0.94}
{'loss': 1.3012, 'grad_norm': 0.8474538326263428, 'learning_rate': 0.00015513053923974415, 'epoch': 0.94}
{'loss': 1.3514, 'grad_norm': 0.8300430178642273, 'learning_rate': 0.00015481946044447099, 'epoch': 0.95}
{'loss': 1.3361, 'grad_norm': 0.9620477557182312, 'learning_rate': 0.0001545076213914442, 'epoch': 0.95}
{'loss': 1.3136, 'grad_norm': 1.301337718963623, 'learning_rate': 0.00015419502640536998, 'epoch': 0.95}
{'loss': 1.336, 'grad_norm': 1.2630798816680908, 'learning_rate': 0.00015388167982143802, 'epoch': 0.96}
{'loss': 1.3095, 'grad_norm': 1.3275644779205322, 'learning_rate': 0.00015356758598526152, 'epoch': 0.96}
{'loss': 1.335, 'grad_norm': 0.8288193345069885, 'learning_rate': 0.00015325274925281684, 'epoch': 0.96}
{'loss': 1.2976, 'grad_norm': 0.8138242959976196, 'learning_rate': 0.00015293717399038315, 'epoch': 0.97}
{'loss': 1.2875, 'grad_norm': 0.7928450107574463, 'learning_rate': 0.00015262086457448182, 'epoch': 0.97}
{'loss': 1.3115, 'grad_norm': 0.8687267303466797, 'learning_rate': 0.0001523038253918157, 'epoch': 0.97}
{'loss': 1.3104, 'grad_norm': 1.017610788345337, 'learning_rate': 0.00015198606083920838, 'epoch': 0.98}
{'loss': 1.3649, 'grad_norm': 1.1047226190567017, 'learning_rate': 0.00015166757532354325, 'epoch': 0.98}
{'loss': 1.3466, 'grad_norm': 0.7743588089942932, 'learning_rate': 0.00015134837326170213, 'epoch': 0.98}
{'loss': 1.289, 'grad_norm': 2.1332054138183594, 'learning_rate': 0.00015102845908050432, 'epoch': 0.99}
{'loss': 1.2972, 'grad_norm': 1.4625686407089233, 'learning_rate': 0.00015070783721664495, 'epoch': 0.99}
{'loss': 1.3329, 'grad_norm': 1.7226334810256958, 'learning_rate': 0.00015038651211663368, 'epoch': 1.0}
{'loss': 1.2703, 'grad_norm': 0.9006787538528442, 'learning_rate': 0.00015006448823673288, 'epoch': 1.0}
{'eval_loss': 1.3216952085494995, 'eval_runtime': 111.7798, 'eval_samples_per_second': 22.365, 'eval_steps_per_second': 2.8, 'epoch': 1.0}
{'loss': 1.3058, 'grad_norm': 0.8999882936477661, 'learning_rate': 0.00014974177004289588, 'epoch': 1.0}
{'loss': 1.2488, 'grad_norm': 1.2585903406143188, 'learning_rate': 0.00014941836201070498, 'epoch': 1.01}
{'loss': 1.2688, 'grad_norm': 0.8656793236732483, 'learning_rate': 0.0001490942686253095, 'epoch': 1.01}
{'loss': 1.3167, 'grad_norm': 0.756437361240387, 'learning_rate': 0.00014876949438136347, 'epoch': 1.01}
{'loss': 1.2659, 'grad_norm': 0.9033008217811584, 'learning_rate': 0.00014844404378296333, 'epoch': 1.02}
{'loss': 1.2985, 'grad_norm': 0.9630056023597717, 'learning_rate': 0.00014811792134358548, 'epoch': 1.02}
{'loss': 1.2787, 'grad_norm': 1.9434458017349243, 'learning_rate': 0.00014779113158602372, 'epoch': 1.02}
{'loss': 1.2971, 'grad_norm': 0.9529227018356323, 'learning_rate': 0.00014746367904232638, 'epoch': 1.03}
{'loss': 1.2656, 'grad_norm': 0.9376935958862305, 'learning_rate': 0.00014713556825373357, 'epoch': 1.03}
{'loss': 1.287, 'grad_norm': 0.8636015057563782, 'learning_rate': 0.0001468068037706144, 'epoch': 1.03}
{'loss': 1.2789, 'grad_norm': 1.2560114860534668, 'learning_rate': 0.00014647739015240339, 'epoch': 1.04}
{'loss': 1.2943, 'grad_norm': 2.966184616088867, 'learning_rate': 0.00014614733196753764, 'epoch': 1.04}
{'loss': 1.3032, 'grad_norm': 4.330737113952637, 'learning_rate': 0.00014581663379339345, 'epoch': 1.05}
{'loss': 1.2974, 'grad_norm': 1.5021963119506836, 'learning_rate': 0.0001454853002162226, 'epoch': 1.05}
{'loss': 1.326, 'grad_norm': 0.9580883383750916, 'learning_rate': 0.00014515333583108896, 'epoch': 1.05}
{'loss': 1.3044, 'grad_norm': 0.8774230480194092, 'learning_rate': 0.00014482074524180464, 'epoch': 1.06}
{'loss': 1.29, 'grad_norm': 0.8055514693260193, 'learning_rate': 0.00014448753306086628, 'epoch': 1.06}
{'loss': 1.2849, 'grad_norm': 1.7291277647018433, 'learning_rate': 0.0001441537039093909, 'epoch': 1.06}
{'loss': 1.2437, 'grad_norm': 0.8267713785171509, 'learning_rate': 0.000143819262417052, 'epoch': 1.07}
{'loss': 1.3123, 'grad_norm': 0.8367023468017578, 'learning_rate': 0.0001434842132220152, 'epoch': 1.07}
{'loss': 1.2884, 'grad_norm': 0.7894271016120911, 'learning_rate': 0.00014314856097087398, 'epoch': 1.07}
{'loss': 1.2793, 'grad_norm': 0.962289571762085, 'learning_rate': 0.00014281231031858523, 'epoch': 1.08}
{'loss': 1.2855, 'grad_norm': 1.078750729560852, 'learning_rate': 0.0001424754659284048, 'epoch': 1.08}
{'loss': 1.2357, 'grad_norm': 1.3298509120941162, 'learning_rate': 0.00014213803247182258, 'epoch': 1.08}
{'loss': 1.2318, 'grad_norm': 0.8354251980781555, 'learning_rate': 0.000141800014628498, 'epoch': 1.09}
{'loss': 1.3319, 'grad_norm': 0.9958608746528625, 'learning_rate': 0.00014146141708619488, 'epoch': 1.09}
{'loss': 1.291, 'grad_norm': 1.1096434593200684, 'learning_rate': 0.00014112224454071662, 'epoch': 1.1}
{'loss': 1.3305, 'grad_norm': 0.8305052518844604, 'learning_rate': 0.00014078250169584098, 'epoch': 1.1}
{'loss': 1.2761, 'grad_norm': 0.8988953828811646, 'learning_rate': 0.00014044219326325477, 'epoch': 1.1}
{'loss': 1.2568, 'grad_norm': 5.502821922302246, 'learning_rate': 0.0001401013239624887, 'epoch': 1.11}
{'loss': 1.326, 'grad_norm': 2.663311243057251, 'learning_rate': 0.00013975989852085176, 'epoch': 1.11}
{'loss': 1.2973, 'grad_norm': 3.560556173324585, 'learning_rate': 0.00013941792167336572, 'epoch': 1.11}
{'loss': 1.2565, 'grad_norm': 1.1512832641601562, 'learning_rate': 0.00013907539816269946, 'epoch': 1.12}
{'loss': 1.2899, 'grad_norm': 0.8712592124938965, 'learning_rate': 0.00013873233273910328, 'epoch': 1.12}
{'loss': 1.3083, 'grad_norm': 0.7926216721534729, 'learning_rate': 0.00013838873016034278, 'epoch': 1.12}
{'loss': 1.3013, 'grad_norm': 0.898569643497467, 'learning_rate': 0.00013804459519163318, 'epoch': 1.13}
{'loss': 1.2685, 'grad_norm': 0.9373147487640381, 'learning_rate': 0.0001376999326055731, 'epoch': 1.13}
{'loss': 1.2382, 'grad_norm': 0.8328970074653625, 'learning_rate': 0.0001373547471820782, 'epoch': 1.13}
{'loss': 1.3408, 'grad_norm': 0.8888944387435913, 'learning_rate': 0.00013700904370831526, 'epoch': 1.14}
{'loss': 1.2736, 'grad_norm': 0.9573730230331421, 'learning_rate': 0.00013666282697863546, 'epoch': 1.14}
{'loss': 1.2962, 'grad_norm': 1.0814919471740723, 'learning_rate': 0.00013631610179450798, 'epoch': 1.14}
{'loss': 1.3108, 'grad_norm': 1.8281619548797607, 'learning_rate': 0.0001359688729644536, 'epoch': 1.15}
{'loss': 1.2742, 'grad_norm': 0.9267923831939697, 'learning_rate': 0.0001356211453039777, 'epoch': 1.15}
{'loss': 1.3208, 'grad_norm': 0.798125684261322, 'learning_rate': 0.0001352729236355037, 'epoch': 1.16}
{'loss': 1.2801, 'grad_norm': 0.8422202467918396, 'learning_rate': 0.00013492421278830618, 'epoch': 1.16}
{'loss': 1.2896, 'grad_norm': 1.3316625356674194, 'learning_rate': 0.00013457501759844373, 'epoch': 1.16}
{'loss': 1.2779, 'grad_norm': 0.8721747994422913, 'learning_rate': 0.00013422534290869205, 'epoch': 1.17}
{'loss': 1.2414, 'grad_norm': 0.8934036493301392, 'learning_rate': 0.00013387519356847672, 'epoch': 1.17}
{'loss': 1.2823, 'grad_norm': 0.9867537617683411, 'learning_rate': 0.00013352457443380601, 'epoch': 1.17}
{'loss': 1.2421, 'grad_norm': 0.8861470818519592, 'learning_rate': 0.0001331734903672034, 'epoch': 1.18}
{'loss': 1.2931, 'grad_norm': 1.1064386367797852, 'learning_rate': 0.0001328219462376403, 'epoch': 1.18}
{'loss': 1.3078, 'grad_norm': 0.7869821190834045, 'learning_rate': 0.00013246994692046836, 'epoch': 1.18}
{'loss': 1.2909, 'grad_norm': 0.8234880566596985, 'learning_rate': 0.00013211749729735204, 'epoch': 1.19}
{'loss': 1.2285, 'grad_norm': 0.8626903295516968, 'learning_rate': 0.0001317646022562008, 'epoch': 1.19}
{'loss': 1.2865, 'grad_norm': 0.8365296125411987, 'learning_rate': 0.00013141126669110136, 'epoch': 1.19}
{'loss': 1.2581, 'grad_norm': 0.8314619660377502, 'learning_rate': 0.00013105749550224965, 'epoch': 1.2}
{'loss': 1.3025, 'grad_norm': 0.9378325939178467, 'learning_rate': 0.00013070329359588323, 'epoch': 1.2}
{'loss': 1.2912, 'grad_norm': 0.9379370212554932, 'learning_rate': 0.00013034866588421283, 'epoch': 1.21}
{'loss': 1.2807, 'grad_norm': 0.9065569043159485, 'learning_rate': 0.0001299936172853545, 'epoch': 1.21}
{'loss': 1.3035, 'grad_norm': 0.8819647431373596, 'learning_rate': 0.0001296381527232613, 'epoch': 1.21}
{'loss': 1.3042, 'grad_norm': 0.8700031638145447, 'learning_rate': 0.00012928227712765504, 'epoch': 1.22}
{'loss': 1.2672, 'grad_norm': 0.8296855688095093, 'learning_rate': 0.00012892599543395795, 'epoch': 1.22}
{'loss': 1.2697, 'grad_norm': 0.8568370342254639, 'learning_rate': 0.000128569312583224, 'epoch': 1.22}
{'loss': 1.2472, 'grad_norm': 0.9694791436195374, 'learning_rate': 0.00012821223352207085, 'epoch': 1.23}
{'loss': 1.3078, 'grad_norm': 0.8557580709457397, 'learning_rate': 0.0001278547632026107, 'epoch': 1.23}
{'loss': 1.2837, 'grad_norm': 0.8543124794960022, 'learning_rate': 0.00012749690658238206, 'epoch': 1.23}
{'loss': 1.2946, 'grad_norm': 1.2163268327713013, 'learning_rate': 0.00012713866862428067, 'epoch': 1.24}
{'loss': 1.267, 'grad_norm': 0.9050297141075134, 'learning_rate': 0.00012678005429649092, 'epoch': 1.24}
{'loss': 1.2507, 'grad_norm': 0.9800494909286499, 'learning_rate': 0.00012642106857241678, 'epoch': 1.24}
{'loss': 1.278, 'grad_norm': 1.310922384262085, 'learning_rate': 0.00012606171643061293, 'epoch': 1.25}
{'loss': 1.2608, 'grad_norm': 1.193134069442749, 'learning_rate': 0.00012570200285471565, 'epoch': 1.25}
{'loss': 1.2788, 'grad_norm': 0.9984382390975952, 'learning_rate': 0.0001253419328333737, 'epoch': 1.26}
{'loss': 1.288, 'grad_norm': 2.4279305934906006, 'learning_rate': 0.00012498151136017922, 'epoch': 1.26}
{'loss': 1.2965, 'grad_norm': 1.3574193716049194, 'learning_rate': 0.00012462074343359838, 'epoch': 1.26}
{'loss': 1.2735, 'grad_norm': 1.1810507774353027, 'learning_rate': 0.0001242596340569022, 'epoch': 1.27}
{'loss': 1.2986, 'grad_norm': 1.3072824478149414, 'learning_rate': 0.00012389818823809685, 'epoch': 1.27}
{'loss': 1.3034, 'grad_norm': 0.9021300077438354, 'learning_rate': 0.00012353641098985463, 'epoch': 1.27}
{'loss': 1.2483, 'grad_norm': 0.8688968420028687, 'learning_rate': 0.00012317430732944418, 'epoch': 1.28}
{'loss': 1.2665, 'grad_norm': 0.8284436464309692, 'learning_rate': 0.00012281188227866084, 'epoch': 1.28}
{'loss': 1.2844, 'grad_norm': 0.9067021012306213, 'learning_rate': 0.00012244914086375724, 'epoch': 1.28}
{'loss': 1.2457, 'grad_norm': 0.9571605920791626, 'learning_rate': 0.0001220860881153735, 'epoch': 1.29}
{'loss': 1.2876, 'grad_norm': 0.8036225438117981, 'learning_rate': 0.00012172272906846722, 'epoch': 1.29}
{'loss': 1.2648, 'grad_norm': 0.7951905727386475, 'learning_rate': 0.0001213590687622441, 'epoch': 1.29}
{'loss': 1.2212, 'grad_norm': 1.4917546510696411, 'learning_rate': 0.00012099511224008771, 'epoch': 1.3}
{'loss': 1.2801, 'grad_norm': 1.545063853263855, 'learning_rate': 0.00012063086454948971, 'epoch': 1.3}
{'loss': 1.2788, 'grad_norm': 0.8200958371162415, 'learning_rate': 0.00012026633074197975, 'epoch': 1.3}
{'loss': 1.2776, 'grad_norm': 1.1130216121673584, 'learning_rate': 0.0001199015158730555, 'epoch': 1.31}
{'loss': 1.2675, 'grad_norm': 0.814254105091095, 'learning_rate': 0.00011953642500211244, 'epoch': 1.31}
{'loss': 1.2444, 'grad_norm': 0.8562777042388916, 'learning_rate': 0.00011917106319237386, 'epoch': 1.32}
{'loss': 1.2301, 'grad_norm': 0.8652788996696472, 'learning_rate': 0.00011880543551082041, 'epoch': 1.32}
{'loss': 1.2508, 'grad_norm': 0.8316690325737, 'learning_rate': 0.00011843954702812008, 'epoch': 1.32}
{'loss': 1.2463, 'grad_norm': 0.8360628485679626, 'learning_rate': 0.00011807340281855764, 'epoch': 1.33}
{'loss': 1.2731, 'grad_norm': 0.7975220084190369, 'learning_rate': 0.00011770700795996445, 'epoch': 1.33}
{'loss': 1.2766, 'grad_norm': 0.9288485050201416, 'learning_rate': 0.00011734036753364792, 'epoch': 1.33}
{'loss': 1.2987, 'grad_norm': 0.7910187244415283, 'learning_rate': 0.00011697348662432117, 'epoch': 1.34}
{'loss': 1.2861, 'grad_norm': 0.7816583514213562, 'learning_rate': 0.00011660637032003232, 'epoch': 1.34}
{'loss': 1.2479, 'grad_norm': 0.8073611855506897, 'learning_rate': 0.00011623902371209419, 'epoch': 1.34}
{'loss': 1.2336, 'grad_norm': 0.8415589928627014, 'learning_rate': 0.00011587145189501334, 'epoch': 1.35}
{'loss': 1.2777, 'grad_norm': 0.8598376512527466, 'learning_rate': 0.00011550365996641979, 'epoch': 1.35}
{'loss': 1.287, 'grad_norm': 0.8383266925811768, 'learning_rate': 0.00011513565302699607, 'epoch': 1.35}
{'loss': 1.2788, 'grad_norm': 0.8147774934768677, 'learning_rate': 0.00011476743618040666, 'epoch': 1.36}
{'loss': 1.3118, 'grad_norm': 1.014575719833374, 'learning_rate': 0.00011439901453322697, 'epoch': 1.36}
{'loss': 1.2846, 'grad_norm': 0.8910096883773804, 'learning_rate': 0.00011403039319487272, 'epoch': 1.37}
{'loss': 1.3111, 'grad_norm': 0.9590579271316528, 'learning_rate': 0.00011366157727752909, 'epoch': 1.37}
{'loss': 1.2863, 'grad_norm': 0.9060704112052917, 'learning_rate': 0.00011329257189607969, 'epoch': 1.37}
{'loss': 1.3044, 'grad_norm': 1.53953218460083, 'learning_rate': 0.0001129233821680357, 'epoch': 1.38}
{'loss': 1.2658, 'grad_norm': 0.9866306781768799, 'learning_rate': 0.00011255401321346493, 'epoch': 1.38}
{'loss': 1.2848, 'grad_norm': 0.8340998888015747, 'learning_rate': 0.00011218447015492073, 'epoch': 1.38}
{'loss': 1.2768, 'grad_norm': 0.9059416055679321, 'learning_rate': 0.00011181475811737101, 'epoch': 1.39}
{'loss': 1.2707, 'grad_norm': 0.8735905885696411, 'learning_rate': 0.00011144488222812717, 'epoch': 1.39}
{'loss': 1.2485, 'grad_norm': 0.8112173080444336, 'learning_rate': 0.00011107484761677291, 'epoch': 1.39}
{'loss': 1.2553, 'grad_norm': 0.8674029111862183, 'learning_rate': 0.0001107046594150932, 'epoch': 1.4}
{'loss': 1.2473, 'grad_norm': 0.878244161605835, 'learning_rate': 0.00011033432275700307, 'epoch': 1.4}
{'loss': 1.2252, 'grad_norm': 1.0492732524871826, 'learning_rate': 0.00010996384277847631, 'epoch': 1.4}
{'loss': 1.2865, 'grad_norm': 0.9646772742271423, 'learning_rate': 0.00010959322461747446, 'epoch': 1.41}
{'loss': 1.2969, 'grad_norm': 0.7875367999076843, 'learning_rate': 0.00010922247341387535, 'epoch': 1.41}
{'loss': 1.2774, 'grad_norm': 1.1491167545318604, 'learning_rate': 0.00010885159430940195, 'epoch': 1.42}
{'loss': 1.2487, 'grad_norm': 0.8243317008018494, 'learning_rate': 0.00010848059244755093, 'epoch': 1.42}
{'loss': 1.2175, 'grad_norm': 0.7295477390289307, 'learning_rate': 0.00010810947297352148, 'epoch': 1.42}
{'loss': 1.2807, 'grad_norm': 0.9039268493652344, 'learning_rate': 0.00010773824103414385, 'epoch': 1.43}
{'loss': 1.252, 'grad_norm': 0.80604487657547, 'learning_rate': 0.00010736690177780801, 'epoch': 1.43}
{'loss': 1.3182, 'grad_norm': 1.051600694656372, 'learning_rate': 0.00010699546035439228, 'epoch': 1.43}
{'loss': 1.2625, 'grad_norm': 2.4739558696746826, 'learning_rate': 0.00010662392191519177, 'epoch': 1.44}
{'loss': 1.2548, 'grad_norm': 1.071031093597412, 'learning_rate': 0.00010625229161284715, 'epoch': 1.44}
{'loss': 1.2948, 'grad_norm': 0.9526286125183105, 'learning_rate': 0.00010588057460127303, 'epoch': 1.44}
{'loss': 1.2581, 'grad_norm': 0.9860986471176147, 'learning_rate': 0.00010550877603558655, 'epoch': 1.45}
{'loss': 1.2678, 'grad_norm': 0.8255648612976074, 'learning_rate': 0.00010513690107203589, 'epoch': 1.45}
{'loss': 1.2455, 'grad_norm': 0.8139029145240784, 'learning_rate': 0.00010476495486792872, 'epoch': 1.45}
{'loss': 1.2848, 'grad_norm': 1.2455388307571411, 'learning_rate': 0.00010439294258156072, 'epoch': 1.46}
{'loss': 1.2474, 'grad_norm': 0.8221688270568848, 'learning_rate': 0.00010402086937214399, 'epoch': 1.46}
{'loss': 1.2729, 'grad_norm': 0.9273862838745117, 'learning_rate': 0.00010364874039973562, 'epoch': 1.46}
{'loss': 1.2667, 'grad_norm': 0.9513249397277832, 'learning_rate': 0.00010327656082516592, 'epoch': 1.47}
{'loss': 1.2541, 'grad_norm': 1.0241308212280273, 'learning_rate': 0.0001029043358099671, 'epoch': 1.47}
{'loss': 1.3003, 'grad_norm': 1.0131518840789795, 'learning_rate': 0.00010253207051630143, 'epoch': 1.48}
{'loss': 1.2841, 'grad_norm': 0.8685442805290222, 'learning_rate': 0.00010215977010688986, 'epoch': 1.48}
{'loss': 1.2659, 'grad_norm': 0.8373755812644958, 'learning_rate': 0.00010178743974494038, 'epoch': 1.48}
{'loss': 1.2505, 'grad_norm': 0.8842766880989075, 'learning_rate': 0.00010141508459407623, 'epoch': 1.49}
{'loss': 1.2587, 'grad_norm': 0.9390417337417603, 'learning_rate': 0.00010104270981826456, 'epoch': 1.49}
{'loss': 1.2806, 'grad_norm': 0.8602204322814941, 'learning_rate': 0.00010067032058174462, 'epoch': 1.49}
{'loss': 1.2595, 'grad_norm': 0.8048990964889526, 'learning_rate': 0.00010029792204895628, 'epoch': 1.5}
{'loss': 1.2414, 'grad_norm': 0.8120075464248657, 'learning_rate': 9.992551938446823e-05, 'epoch': 1.5}
{'loss': 1.2793, 'grad_norm': 0.8703656196594238, 'learning_rate': 9.955311775290655e-05, 'epoch': 1.5}
{'loss': 1.2227, 'grad_norm': 0.9080007672309875, 'learning_rate': 9.918072231888292e-05, 'epoch': 1.51}
{'loss': 1.2656, 'grad_norm': 0.845019519329071, 'learning_rate': 9.880833824692317e-05, 'epoch': 1.51}
{'loss': 1.24, 'grad_norm': 0.7502803802490234, 'learning_rate': 9.843597070139539e-05, 'epoch': 1.51}
{'loss': 1.2417, 'grad_norm': 0.8813899755477905, 'learning_rate': 9.806362484643872e-05, 'epoch': 1.52}
{'loss': 1.3048, 'grad_norm': 0.866531491279602, 'learning_rate': 9.769130584589127e-05, 'epoch': 1.52}
{'loss': 1.2899, 'grad_norm': 0.8630314469337463, 'learning_rate': 9.731901886321876e-05, 'epoch': 1.53}
{'loss': 1.2248, 'grad_norm': 0.8113267421722412, 'learning_rate': 9.6946769061443e-05, 'epoch': 1.53}
{'loss': 1.2679, 'grad_norm': 0.8660144209861755, 'learning_rate': 9.657456160307005e-05, 'epoch': 1.53}
{'loss': 1.2809, 'grad_norm': 0.7710717916488647, 'learning_rate': 9.620240165001868e-05, 'epoch': 1.54}
{'loss': 1.2886, 'grad_norm': 0.7597257494926453, 'learning_rate': 9.583029436354905e-05, 'epoch': 1.54}
{'loss': 1.2339, 'grad_norm': 0.8745079040527344, 'learning_rate': 9.545824490419067e-05, 'epoch': 1.54}
{'loss': 1.3072, 'grad_norm': 0.9896961450576782, 'learning_rate': 9.508625843167128e-05, 'epoch': 1.55}
{'loss': 1.2723, 'grad_norm': 0.839506983757019, 'learning_rate': 9.471434010484496e-05, 'epoch': 1.55}
{'loss': 1.2571, 'grad_norm': 0.8919805884361267, 'learning_rate': 9.434249508162076e-05, 'epoch': 1.55}
{'loss': 1.3048, 'grad_norm': 0.8104106783866882, 'learning_rate': 9.39707285188912e-05, 'epoch': 1.56}
{'loss': 1.2322, 'grad_norm': 0.8183643221855164, 'learning_rate': 9.359904557246057e-05, 'epoch': 1.56}
{'loss': 1.2639, 'grad_norm': 0.8447777032852173, 'learning_rate': 9.322745139697356e-05, 'epoch': 1.56}
{'loss': 1.2525, 'grad_norm': 1.0598185062408447, 'learning_rate': 9.285595114584384e-05, 'epoch': 1.57}
{'loss': 1.2469, 'grad_norm': 0.7976493239402771, 'learning_rate': 9.248454997118237e-05, 'epoch': 1.57}
{'loss': 1.2621, 'grad_norm': 0.8661981225013733, 'learning_rate': 9.211325302372619e-05, 'epoch': 1.58}
{'loss': 1.303, 'grad_norm': 0.792883574962616, 'learning_rate': 9.174206545276677e-05, 'epoch': 1.58}
{'loss': 1.2472, 'grad_norm': 0.8011754155158997, 'learning_rate': 9.13709924060788e-05, 'epoch': 1.58}
{'loss': 1.2967, 'grad_norm': 0.8193604946136475, 'learning_rate': 9.100003902984869e-05, 'epoch': 1.59}
{'loss': 1.2675, 'grad_norm': 0.7813817858695984, 'learning_rate': 9.062921046860315e-05, 'epoch': 1.59}
{'loss': 1.2843, 'grad_norm': 0.866870641708374, 'learning_rate': 9.02585118651379e-05, 'epoch': 1.59}
{'loss': 1.236, 'grad_norm': 0.9061269760131836, 'learning_rate': 8.988794836044648e-05, 'epoch': 1.6}
{'loss': 1.3166, 'grad_norm': 0.7921037673950195, 'learning_rate': 8.951752509364873e-05, 'epoch': 1.6}
{'loss': 1.3022, 'grad_norm': 0.8764519095420837, 'learning_rate': 8.914724720191956e-05, 'epoch': 1.6}
{'loss': 1.2526, 'grad_norm': 0.889196515083313, 'learning_rate': 8.877711982041792e-05, 'epoch': 1.61}
{'loss': 1.2398, 'grad_norm': 0.9505338072776794, 'learning_rate': 8.84071480822153e-05, 'epoch': 1.61}
{'loss': 1.247, 'grad_norm': 0.8269574642181396, 'learning_rate': 8.803733711822473e-05, 'epoch': 1.61}
{'loss': 1.242, 'grad_norm': 0.7301665544509888, 'learning_rate': 8.766769205712951e-05, 'epoch': 1.62}
{'loss': 1.2491, 'grad_norm': 0.8388045430183411, 'learning_rate': 8.729821802531212e-05, 'epoch': 1.62}
{'loss': 1.2639, 'grad_norm': 0.8380880951881409, 'learning_rate': 8.692892014678329e-05, 'epoch': 1.62}
{'loss': 1.281, 'grad_norm': 0.8369860053062439, 'learning_rate': 8.65598035431106e-05, 'epoch': 1.63}
{'loss': 1.2623, 'grad_norm': 0.7875939011573792, 'learning_rate': 8.619087333334768e-05, 'epoch': 1.63}
{'loss': 1.2527, 'grad_norm': 0.800360381603241, 'learning_rate': 8.582213463396331e-05, 'epoch': 1.64}
{'loss': 1.2817, 'grad_norm': 0.7842710614204407, 'learning_rate': 8.545359255877014e-05, 'epoch': 1.64}
{'loss': 1.2605, 'grad_norm': 0.9629213809967041, 'learning_rate': 8.508525221885414e-05, 'epoch': 1.64}
{'loss': 1.2814, 'grad_norm': 0.950394868850708, 'learning_rate': 8.471711872250338e-05, 'epoch': 1.65}
{'loss': 1.2642, 'grad_norm': 0.8133587837219238, 'learning_rate': 8.434919717513741e-05, 'epoch': 1.65}
{'loss': 1.2516, 'grad_norm': 0.8852131962776184, 'learning_rate': 8.398149267923643e-05, 'epoch': 1.65}
{'loss': 1.2847, 'grad_norm': 0.7816309332847595, 'learning_rate': 8.36140103342704e-05, 'epoch': 1.66}
{'loss': 1.2942, 'grad_norm': 0.807766854763031, 'learning_rate': 8.324675523662841e-05, 'epoch': 1.66}
{'loss': 1.2662, 'grad_norm': 0.8908132910728455, 'learning_rate': 8.287973247954813e-05, 'epoch': 1.66}
{'loss': 1.2491, 'grad_norm': 0.8625648617744446, 'learning_rate': 8.251294715304485e-05, 'epoch': 1.67}
{'loss': 1.2927, 'grad_norm': 0.8151142597198486, 'learning_rate': 8.214640434384124e-05, 'epoch': 1.67}
{'loss': 1.3185, 'grad_norm': 0.8382571339607239, 'learning_rate': 8.178010913529655e-05, 'epoch': 1.67}
{'loss': 1.2129, 'grad_norm': 0.81516432762146, 'learning_rate': 8.141406660733619e-05, 'epoch': 1.68}
{'loss': 1.277, 'grad_norm': 0.7969600558280945, 'learning_rate': 8.104828183638141e-05, 'epoch': 1.68}
{'loss': 1.2486, 'grad_norm': 0.8504717946052551, 'learning_rate': 8.06827598952787e-05, 'epoch': 1.69}
{'loss': 1.2724, 'grad_norm': 0.8604936003684998, 'learning_rate': 8.031750585322947e-05, 'epoch': 1.69}
{'loss': 1.2704, 'grad_norm': 0.813544511795044, 'learning_rate': 7.995252477571995e-05, 'epoch': 1.69}
{'loss': 1.2427, 'grad_norm': 0.800213098526001, 'learning_rate': 7.958782172445063e-05, 'epoch': 1.7}
{'loss': 1.2872, 'grad_norm': 0.7861574292182922, 'learning_rate': 7.922340175726638e-05, 'epoch': 1.7}
{'loss': 1.2744, 'grad_norm': 0.8596100807189941, 'learning_rate': 7.885926992808604e-05, 'epoch': 1.7}
{'loss': 1.2658, 'grad_norm': 0.8396574258804321, 'learning_rate': 7.849543128683242e-05, 'epoch': 1.71}
{'loss': 1.2377, 'grad_norm': 0.8548696041107178, 'learning_rate': 7.813189087936243e-05, 'epoch': 1.71}
{'loss': 1.2644, 'grad_norm': 0.7734829187393188, 'learning_rate': 7.77686537473968e-05, 'epoch': 1.71}
{'loss': 1.2525, 'grad_norm': 0.811115026473999, 'learning_rate': 7.740572492845038e-05, 'epoch': 1.72}
{'loss': 1.2707, 'grad_norm': 0.9301508069038391, 'learning_rate': 7.704310945576223e-05, 'epoch': 1.72}
{'loss': 1.2377, 'grad_norm': 0.840843915939331, 'learning_rate': 7.668081235822578e-05, 'epoch': 1.72}
{'loss': 1.2481, 'grad_norm': 0.8484984040260315, 'learning_rate': 7.631883866031911e-05, 'epoch': 1.73}
{'loss': 1.2541, 'grad_norm': 0.9332144260406494, 'learning_rate': 7.595719338203528e-05, 'epoch': 1.73}
{'loss': 1.2772, 'grad_norm': 0.7805981636047363, 'learning_rate': 7.559588153881265e-05, 'epoch': 1.74}
{'loss': 1.2465, 'grad_norm': 0.75877445936203, 'learning_rate': 7.523490814146546e-05, 'epoch': 1.74}
{'loss': 1.2776, 'grad_norm': 0.7572077512741089, 'learning_rate': 7.487427819611419e-05, 'epoch': 1.74}
{'loss': 1.2425, 'grad_norm': 0.7988162636756897, 'learning_rate': 7.451399670411616e-05, 'epoch': 1.75}
{'loss': 1.2718, 'grad_norm': 0.8546744585037231, 'learning_rate': 7.41540686619963e-05, 'epoch': 1.75}
{'loss': 1.2674, 'grad_norm': 0.8198415040969849, 'learning_rate': 7.379449906137768e-05, 'epoch': 1.75}
{'loss': 1.294, 'grad_norm': 0.7687682509422302, 'learning_rate': 7.343529288891239e-05, 'epoch': 1.76}
{'loss': 1.2501, 'grad_norm': 0.919429361820221, 'learning_rate': 7.307645512621233e-05, 'epoch': 1.76}
{'loss': 1.2339, 'grad_norm': 0.8554669618606567, 'learning_rate': 7.27179907497802e-05, 'epoch': 1.76}
{'loss': 1.2499, 'grad_norm': 0.840874195098877, 'learning_rate': 7.235990473094044e-05, 'epoch': 1.77}
{'loss': 1.2736, 'grad_norm': 0.7530758380889893, 'learning_rate': 7.200220203577017e-05, 'epoch': 1.77}
{'loss': 1.2464, 'grad_norm': 0.9329600930213928, 'learning_rate': 7.16448876250305e-05, 'epoch': 1.77}
{'loss': 1.2921, 'grad_norm': 0.8800826668739319, 'learning_rate': 7.128796645409774e-05, 'epoch': 1.78}
{'loss': 1.2383, 'grad_norm': 0.8531628251075745, 'learning_rate': 7.093144347289446e-05, 'epoch': 1.78}
{'loss': 1.2133, 'grad_norm': 0.8670591115951538, 'learning_rate': 7.057532362582103e-05, 'epoch': 1.78}
{'loss': 1.2676, 'grad_norm': 0.9783430099487305, 'learning_rate': 7.021961185168705e-05, 'epoch': 1.79}
{'loss': 1.2742, 'grad_norm': 0.9790849089622498, 'learning_rate': 6.986431308364268e-05, 'epoch': 1.79}
{'loss': 1.2041, 'grad_norm': 0.7748452425003052, 'learning_rate': 6.95094322491105e-05, 'epoch': 1.8}
{'loss': 1.2551, 'grad_norm': 0.8120226263999939, 'learning_rate': 6.915497426971695e-05, 'epoch': 1.8}
{'loss': 1.2397, 'grad_norm': 0.8134607076644897, 'learning_rate': 6.880094406122407e-05, 'epoch': 1.8}
{'loss': 1.2186, 'grad_norm': 0.7880246639251709, 'learning_rate': 6.844734653346158e-05, 'epoch': 1.81}
{'loss': 1.3017, 'grad_norm': 0.7845036387443542, 'learning_rate': 6.80941865902585e-05, 'epoch': 1.81}
{'loss': 1.2649, 'grad_norm': 0.9031084179878235, 'learning_rate': 6.774146912937523e-05, 'epoch': 1.81}
{'loss': 1.315, 'grad_norm': 0.8026474714279175, 'learning_rate': 6.738919904243575e-05, 'epoch': 1.82}
{'loss': 1.2656, 'grad_norm': 0.8836110234260559, 'learning_rate': 6.703738121485957e-05, 'epoch': 1.82}
{'loss': 1.2517, 'grad_norm': 0.8262285590171814, 'learning_rate': 6.668602052579424e-05, 'epoch': 1.82}
{'loss': 1.2533, 'grad_norm': 0.8295431137084961, 'learning_rate': 6.633512184804739e-05, 'epoch': 1.83}
{'loss': 1.2745, 'grad_norm': 0.9000682234764099, 'learning_rate': 6.598469004801937e-05, 'epoch': 1.83}
{'loss': 1.1896, 'grad_norm': 0.8276379704475403, 'learning_rate': 6.563472998563566e-05, 'epoch': 1.83}
{'loss': 1.2379, 'grad_norm': 0.8447957634925842, 'learning_rate': 6.528524651427951e-05, 'epoch': 1.84}
{'loss': 1.2528, 'grad_norm': 0.7871600985527039, 'learning_rate': 6.493624448072457e-05, 'epoch': 1.84}
{'loss': 1.2629, 'grad_norm': 0.8677065968513489, 'learning_rate': 6.458772872506785e-05, 'epoch': 1.85}
{'loss': 1.2681, 'grad_norm': 0.8433762788772583, 'learning_rate': 6.423970408066228e-05, 'epoch': 1.85}
{'loss': 1.2401, 'grad_norm': 0.833959698677063, 'learning_rate': 6.38921753740501e-05, 'epoch': 1.85}
{'loss': 1.2636, 'grad_norm': 0.7887081503868103, 'learning_rate': 6.35451474248955e-05, 'epoch': 1.86}
{'loss': 1.2214, 'grad_norm': 0.7966152429580688, 'learning_rate': 6.319862504591796e-05, 'epoch': 1.86}
{'loss': 1.2645, 'grad_norm': 0.8842475414276123, 'learning_rate': 6.285261304282572e-05, 'epoch': 1.86}
{'loss': 1.2547, 'grad_norm': 0.9151434898376465, 'learning_rate': 6.25071162142487e-05, 'epoch': 1.87}
{'loss': 1.3069, 'grad_norm': 0.761025071144104, 'learning_rate': 6.21621393516723e-05, 'epoch': 1.87}
{'loss': 1.237, 'grad_norm': 0.8669975399971008, 'learning_rate': 6.18176872393708e-05, 'epoch': 1.87}
{'loss': 1.2394, 'grad_norm': 0.8549606204032898, 'learning_rate': 6.1473764654341e-05, 'epoch': 1.88}
{'loss': 1.2473, 'grad_norm': 0.8489137291908264, 'learning_rate': 6.11303763662361e-05, 'epoch': 1.88}
{'loss': 1.2975, 'grad_norm': 0.8076112270355225, 'learning_rate': 6.078752713729941e-05, 'epoch': 1.88}
{'loss': 1.2416, 'grad_norm': 0.9542396664619446, 'learning_rate': 6.044522172229827e-05, 'epoch': 1.89}
{'loss': 1.2335, 'grad_norm': 0.8437195420265198, 'learning_rate': 6.010346486845837e-05, 'epoch': 1.89}
{'loss': 1.2371, 'grad_norm': 0.8754127621650696, 'learning_rate': 5.976226131539762e-05, 'epoch': 1.9}
{'loss': 1.2793, 'grad_norm': 0.8235508799552917, 'learning_rate': 5.942161579506051e-05, 'epoch': 1.9}
{'loss': 1.2255, 'grad_norm': 0.8152533769607544, 'learning_rate': 5.9081533031652636e-05, 'epoch': 1.9}
{'loss': 1.2657, 'grad_norm': 0.8296524882316589, 'learning_rate': 5.874201774157495e-05, 'epoch': 1.91}
{'loss': 1.2481, 'grad_norm': 0.8229794502258301, 'learning_rate': 5.840307463335856e-05, 'epoch': 1.91}
{'loss': 1.2919, 'grad_norm': 0.8589513897895813, 'learning_rate': 5.80647084075992e-05, 'epoch': 1.91}
{'loss': 1.271, 'grad_norm': 0.8204261660575867, 'learning_rate': 5.7726923756892285e-05, 'epoch': 1.92}
{'loss': 1.2548, 'grad_norm': 0.8141213059425354, 'learning_rate': 5.738972536576773e-05, 'epoch': 1.92}
{'loss': 1.2632, 'grad_norm': 0.7801600694656372, 'learning_rate': 5.705311791062483e-05, 'epoch': 1.92}
{'loss': 1.2571, 'grad_norm': 0.9067409038543701, 'learning_rate': 5.6717106059667694e-05, 'epoch': 1.93}
{'loss': 1.2804, 'grad_norm': 0.8547419309616089, 'learning_rate': 5.63816944728403e-05, 'epoch': 1.93}
{'loss': 1.3045, 'grad_norm': 0.8811826705932617, 'learning_rate': 5.604688780176197e-05, 'epoch': 1.93}
{'loss': 1.2599, 'grad_norm': 0.8973105549812317, 'learning_rate': 5.571269068966268e-05, 'epoch': 1.94}
{'loss': 1.2608, 'grad_norm': 0.812047004699707, 'learning_rate': 5.537910777131906e-05, 'epoch': 1.94}
{'loss': 1.2293, 'grad_norm': 0.8614034652709961, 'learning_rate': 5.504614367298955e-05, 'epoch': 1.94}
{'loss': 1.2474, 'grad_norm': 0.928428053855896, 'learning_rate': 5.471380301235085e-05, 'epoch': 1.95}
{'loss': 1.2195, 'grad_norm': 0.9018063545227051, 'learning_rate': 5.438209039843333e-05, 'epoch': 1.95}
{'loss': 1.241, 'grad_norm': 0.8967165350914001, 'learning_rate': 5.4051010431557515e-05, 'epoch': 1.96}
{'loss': 1.2553, 'grad_norm': 0.8093001842498779, 'learning_rate': 5.372056770327013e-05, 'epoch': 1.96}
{'loss': 1.2574, 'grad_norm': 0.8324034810066223, 'learning_rate': 5.339076679628031e-05, 'epoch': 1.96}
{'loss': 1.2205, 'grad_norm': 0.8242027163505554, 'learning_rate': 5.3061612284396265e-05, 'epoch': 1.97}
{'loss': 1.2357, 'grad_norm': 0.7991659045219421, 'learning_rate': 5.273310873246173e-05, 'epoch': 1.97}
{'loss': 1.2489, 'grad_norm': 0.8723455667495728, 'learning_rate': 5.240526069629265e-05, 'epoch': 1.97}
{'loss': 1.2416, 'grad_norm': 0.7799493074417114, 'learning_rate': 5.207807272261402e-05, 'epoch': 1.98}
{'loss': 1.289, 'grad_norm': 0.7925595641136169, 'learning_rate': 5.175154934899691e-05, 'epoch': 1.98}
{'loss': 1.278, 'grad_norm': 0.8619978427886963, 'learning_rate': 5.1425695103795225e-05, 'epoch': 1.98}
{'loss': 1.2308, 'grad_norm': 0.8997868299484253, 'learning_rate': 5.110051450608347e-05, 'epoch': 1.99}
{'loss': 1.3044, 'grad_norm': 0.7626643776893616, 'learning_rate': 5.077601206559346e-05, 'epoch': 1.99}
{'loss': 1.2978, 'grad_norm': 0.8441307544708252, 'learning_rate': 5.045219228265219e-05, 'epoch': 1.99}
{'loss': 1.3183, 'grad_norm': 0.8812539577484131, 'learning_rate': 5.0129059648119323e-05, 'epoch': 2.0}
{'eval_loss': 1.2767095565795898, 'eval_runtime': 117.121, 'eval_samples_per_second': 21.345, 'eval_steps_per_second': 2.672, 'epoch': 2.0}
{'loss': 1.2401, 'grad_norm': 0.844977617263794, 'learning_rate': 4.9806618643324696e-05, 'epoch': 2.0}
{'loss': 1.1548, 'grad_norm': 0.8311644196510315, 'learning_rate': 4.948487374000665e-05, 'epoch': 2.01}
{'loss': 1.174, 'grad_norm': 0.8499556183815002, 'learning_rate': 4.916382940024944e-05, 'epoch': 2.01}
{'loss': 1.2285, 'grad_norm': 0.7989541292190552, 'learning_rate': 4.884349007642176e-05, 'epoch': 2.01}
{'loss': 1.231, 'grad_norm': 0.843087375164032, 'learning_rate': 4.852386021111486e-05, 'epoch': 2.02}
{'loss': 1.2062, 'grad_norm': 0.8160733580589294, 'learning_rate': 4.8204944237080975e-05, 'epoch': 2.02}
{'loss': 1.2147, 'grad_norm': 0.8389137387275696, 'learning_rate': 4.788674657717165e-05, 'epoch': 2.02}
{'loss': 1.2073, 'grad_norm': 0.7701672911643982, 'learning_rate': 4.756927164427685e-05, 'epoch': 2.03}
{'loss': 1.2195, 'grad_norm': 0.8028857111930847, 'learning_rate': 4.7252523841263194e-05, 'epoch': 2.03}
{'loss': 1.2289, 'grad_norm': 0.8727260231971741, 'learning_rate': 4.6936507560913355e-05, 'epoch': 2.03}
{'loss': 1.25, 'grad_norm': 0.8162045478820801, 'learning_rate': 4.6621227185864935e-05, 'epoch': 2.04}
{'loss': 1.1704, 'grad_norm': 0.9127533435821533, 'learning_rate': 4.6306687088549596e-05, 'epoch': 2.04}
{'loss': 1.1502, 'grad_norm': 0.949385941028595, 'learning_rate': 4.599289163113276e-05, 'epoch': 2.04}
{'loss': 1.2455, 'grad_norm': 0.8660851716995239, 'learning_rate': 4.567984516545267e-05, 'epoch': 2.05}
{'loss': 1.2022, 'grad_norm': 0.8320078253746033, 'learning_rate': 4.536755203296038e-05, 'epoch': 2.05}
{'loss': 1.2159, 'grad_norm': 0.9203052520751953, 'learning_rate': 4.50560165646594e-05, 'epoch': 2.06}
{'loss': 1.2465, 'grad_norm': 0.8654606342315674, 'learning_rate': 4.474524308104564e-05, 'epoch': 2.06}
{'loss': 1.2551, 'grad_norm': 0.8854618072509766, 'learning_rate': 4.443523589204753e-05, 'epoch': 2.06}
{'loss': 1.2148, 'grad_norm': 0.8463687300682068, 'learning_rate': 4.412599929696627e-05, 'epoch': 2.07}
{'loss': 1.211, 'grad_norm': 0.8663151264190674, 'learning_rate': 4.3817537584416e-05, 'epoch': 2.07}
{'loss': 1.1957, 'grad_norm': 0.801345944404602, 'learning_rate': 4.350985503226465e-05, 'epoch': 2.07}
{'loss': 1.2267, 'grad_norm': 0.8906680941581726, 'learning_rate': 4.320295590757443e-05, 'epoch': 2.08}
{'loss': 1.191, 'grad_norm': 0.965726375579834, 'learning_rate': 4.289684446654251e-05, 'epoch': 2.08}
{'loss': 1.202, 'grad_norm': 0.9169080257415771, 'learning_rate': 4.259152495444243e-05, 'epoch': 2.08}
{'loss': 1.2447, 'grad_norm': 1.0207157135009766, 'learning_rate': 4.228700160556469e-05, 'epoch': 2.09}
{'loss': 1.2153, 'grad_norm': 0.8091519474983215, 'learning_rate': 4.198327864315843e-05, 'epoch': 2.09}
{'loss': 1.2333, 'grad_norm': 0.8409250974655151, 'learning_rate': 4.168036027937267e-05, 'epoch': 2.09}
{'loss': 1.2044, 'grad_norm': 0.8519523739814758, 'learning_rate': 4.1378250715197954e-05, 'epoch': 2.1}
{'loss': 1.1478, 'grad_norm': 0.8165239095687866, 'learning_rate': 4.107695414040812e-05, 'epoch': 2.1}
{'loss': 1.2179, 'grad_norm': 0.8879625797271729, 'learning_rate': 4.077647473350201e-05, 'epoch': 2.1}
{'loss': 1.2308, 'grad_norm': 0.8603007197380066, 'learning_rate': 4.047681666164582e-05, 'epoch': 2.11}
{'loss': 1.2422, 'grad_norm': 0.8738808035850525, 'learning_rate': 4.017798408061506e-05, 'epoch': 2.11}
{'loss': 1.2027, 'grad_norm': 0.8189852237701416, 'learning_rate': 3.987998113473709e-05, 'epoch': 2.12}
{'loss': 1.2521, 'grad_norm': 0.8131874203681946, 'learning_rate': 3.958281195683339e-05, 'epoch': 2.12}
{'loss': 1.2077, 'grad_norm': 0.9686369299888611, 'learning_rate': 3.928648066816267e-05, 'epoch': 2.12}
{'loss': 1.2213, 'grad_norm': 0.7925608158111572, 'learning_rate': 3.899099137836323e-05, 'epoch': 2.13}
{'loss': 1.2203, 'grad_norm': 0.9094893932342529, 'learning_rate': 3.8696348185396405e-05, 'epoch': 2.13}
{'loss': 1.2013, 'grad_norm': 0.8835494518280029, 'learning_rate': 3.840255517548932e-05, 'epoch': 2.13}
{'loss': 1.2124, 'grad_norm': 0.8386663198471069, 'learning_rate': 3.81096164230786e-05, 'epoch': 2.14}
{'loss': 1.1747, 'grad_norm': 0.869032621383667, 'learning_rate': 3.7817535990753626e-05, 'epoch': 2.14}
{'loss': 1.2038, 'grad_norm': 0.8362146019935608, 'learning_rate': 3.752631792920022e-05, 'epoch': 2.14}
{'loss': 1.1778, 'grad_norm': 0.8412507176399231, 'learning_rate': 3.723596627714455e-05, 'epoch': 2.15}
{'loss': 1.2165, 'grad_norm': 0.8391807079315186, 'learning_rate': 3.6946485061297106e-05, 'epoch': 2.15}
{'loss': 1.2172, 'grad_norm': 0.8696690201759338, 'learning_rate': 3.665787829629679e-05, 'epoch': 2.15}
{'loss': 1.2372, 'grad_norm': 0.8207985758781433, 'learning_rate': 3.637014998465527e-05, 'epoch': 2.16}
{'loss': 1.2039, 'grad_norm': 0.9352900385856628, 'learning_rate': 3.6083304116701535e-05, 'epoch': 2.16}
{'loss': 1.2534, 'grad_norm': 0.916411280632019, 'learning_rate': 3.579734467052634e-05, 'epoch': 2.17}
{'loss': 1.1902, 'grad_norm': 0.8726136088371277, 'learning_rate': 3.5512275611927495e-05, 'epoch': 2.17}
{'loss': 1.1825, 'grad_norm': 0.9324060678482056, 'learning_rate': 3.522810089435422e-05, 'epoch': 2.17}
{'loss': 1.2182, 'grad_norm': 0.9965773224830627, 'learning_rate': 3.494482445885291e-05, 'epoch': 2.18}
{'loss': 1.1849, 'grad_norm': 0.8732452392578125, 'learning_rate': 3.4662450234012156e-05, 'epoch': 2.18}
{'loss': 1.208, 'grad_norm': 0.9191992282867432, 'learning_rate': 3.4380982135908245e-05, 'epoch': 2.18}
{'loss': 1.2254, 'grad_norm': 0.8744480013847351, 'learning_rate': 3.410042406805115e-05, 'epoch': 2.19}
{'loss': 1.206, 'grad_norm': 0.9144790172576904, 'learning_rate': 3.3820779921329984e-05, 'epoch': 2.19}
{'loss': 1.2122, 'grad_norm': 0.8701329231262207, 'learning_rate': 3.3542053573959354e-05, 'epoch': 2.19}
{'loss': 1.2371, 'grad_norm': 0.8514230847358704, 'learning_rate': 3.326424889142543e-05, 'epoch': 2.2}
{'loss': 1.2226, 'grad_norm': 0.9151739478111267, 'learning_rate': 3.298736972643243e-05, 'epoch': 2.2}
{'loss': 1.1836, 'grad_norm': 0.9681157469749451, 'learning_rate': 3.271141991884897e-05, 'epoch': 2.2}
{'loss': 1.2108, 'grad_norm': 0.891633927822113, 'learning_rate': 3.2436403295655246e-05, 'epoch': 2.21}
{'loss': 1.18, 'grad_norm': 0.8281610608100891, 'learning_rate': 3.21623236708894e-05, 'epoch': 2.21}
{'loss': 1.2308, 'grad_norm': 0.8595581650733948, 'learning_rate': 3.18891848455951e-05, 'epoch': 2.22}
{'loss': 1.1896, 'grad_norm': 0.8553884029388428, 'learning_rate': 3.1616990607768594e-05, 'epoch': 2.22}
{'loss': 1.2557, 'grad_norm': 0.9412267804145813, 'learning_rate': 3.134574473230612e-05, 'epoch': 2.22}
{'loss': 1.1815, 'grad_norm': 0.9179772734642029, 'learning_rate': 3.107545098095188e-05, 'epoch': 2.23}
{'loss': 1.1686, 'grad_norm': 0.913263201713562, 'learning_rate': 3.080611310224539e-05, 'epoch': 2.23}
{'loss': 1.1922, 'grad_norm': 0.8233813643455505, 'learning_rate': 3.053773483146992e-05, 'epoch': 2.23}
{'loss': 1.2543, 'grad_norm': 0.8895602822303772, 'learning_rate': 3.0270319890600462e-05, 'epoch': 2.24}
{'loss': 1.2376, 'grad_norm': 0.9431794881820679, 'learning_rate': 3.0003871988252208e-05, 'epoch': 2.24}
{'loss': 1.1645, 'grad_norm': 0.8424904942512512, 'learning_rate': 2.9738394819628955e-05, 'epoch': 2.24}
{'loss': 1.2077, 'grad_norm': 0.7998095154762268, 'learning_rate': 2.947389206647222e-05, 'epoch': 2.25}
{'loss': 1.2321, 'grad_norm': 0.8436259627342224, 'learning_rate': 2.9210367397009696e-05, 'epoch': 2.25}
{'loss': 1.1735, 'grad_norm': 0.9092339873313904, 'learning_rate': 2.8947824465904784e-05, 'epoch': 2.25}
{'loss': 1.2047, 'grad_norm': 0.8648079037666321, 'learning_rate': 2.8686266914205727e-05, 'epoch': 2.26}
{'loss': 1.2012, 'grad_norm': 0.8812845349311829, 'learning_rate': 2.842569836929504e-05, 'epoch': 2.26}
{'loss': 1.193, 'grad_norm': 0.8988737463951111, 'learning_rate': 2.8166122444839493e-05, 'epoch': 2.26}
{'loss': 1.2078, 'grad_norm': 0.891598641872406, 'learning_rate': 2.790754274073961e-05, 'epoch': 2.27}
{'loss': 1.225, 'grad_norm': 0.7645233869552612, 'learning_rate': 2.764996284308006e-05, 'epoch': 2.27}
{'loss': 1.1941, 'grad_norm': 0.8721439242362976, 'learning_rate': 2.7393386324079786e-05, 'epoch': 2.28}
{'loss': 1.1941, 'grad_norm': 0.8851215839385986, 'learning_rate': 2.7137816742042444e-05, 'epoch': 2.28}
{'loss': 1.2398, 'grad_norm': 0.8995579481124878, 'learning_rate': 2.688325764130718e-05, 'epoch': 2.28}
{'loss': 1.2323, 'grad_norm': 0.8411398530006409, 'learning_rate': 2.662971255219925e-05, 'epoch': 2.29}
{'loss': 1.2044, 'grad_norm': 0.9110050201416016, 'learning_rate': 2.637718499098132e-05, 'epoch': 2.29}
{'loss': 1.2357, 'grad_norm': 0.8828490972518921, 'learning_rate': 2.6125678459804527e-05, 'epoch': 2.29}
{'loss': 1.2382, 'grad_norm': 0.8163405656814575, 'learning_rate': 2.587519644666001e-05, 'epoch': 2.3}
{'loss': 1.2095, 'grad_norm': 0.8714094758033752, 'learning_rate': 2.562574242533038e-05, 'epoch': 2.3}
{'loss': 1.2101, 'grad_norm': 0.9176697731018066, 'learning_rate': 2.537731985534183e-05, 'epoch': 2.3}
{'loss': 1.197, 'grad_norm': 0.8729639053344727, 'learning_rate': 2.5129932181915784e-05, 'epoch': 2.31}
{'loss': 1.2094, 'grad_norm': 0.8865786790847778, 'learning_rate': 2.4883582835921516e-05, 'epoch': 2.31}
{'loss': 1.2175, 'grad_norm': 0.874539852142334, 'learning_rate': 2.463827523382819e-05, 'epoch': 2.31}
{'loss': 1.2375, 'grad_norm': 0.8664909601211548, 'learning_rate': 2.439401277765776e-05, 'epoch': 2.32}
{'loss': 1.2229, 'grad_norm': 0.8487934470176697, 'learning_rate': 2.4150798854937683e-05, 'epoch': 2.32}
{'loss': 1.2359, 'grad_norm': 0.8614009618759155, 'learning_rate': 2.3908636838653876e-05, 'epoch': 2.33}
{'loss': 1.2102, 'grad_norm': 0.8399651050567627, 'learning_rate': 2.366753008720406e-05, 'epoch': 2.33}
{'loss': 1.1808, 'grad_norm': 0.8296088576316833, 'learning_rate': 2.3427481944351148e-05, 'epoch': 2.33}
{'loss': 1.1922, 'grad_norm': 0.8106470108032227, 'learning_rate': 2.3188495739176796e-05, 'epoch': 2.34}
{'loss': 1.2195, 'grad_norm': 0.8550655841827393, 'learning_rate': 2.295057478603535e-05, 'epoch': 2.34}
{'loss': 1.2152, 'grad_norm': 0.8941673040390015, 'learning_rate': 2.2713722384507807e-05, 'epoch': 2.34}
{'loss': 1.2026, 'grad_norm': 0.8962844014167786, 'learning_rate': 2.2477941819355986e-05, 'epoch': 2.35}
{'loss': 1.201, 'grad_norm': 0.8889811038970947, 'learning_rate': 2.224323636047725e-05, 'epoch': 2.35}
{'loss': 1.2042, 'grad_norm': 0.9040302038192749, 'learning_rate': 2.2009609262858753e-05, 'epoch': 2.35}
{'loss': 1.1453, 'grad_norm': 0.8873794674873352, 'learning_rate': 2.1777063766532648e-05, 'epoch': 2.36}
{'loss': 1.1885, 'grad_norm': 0.923183262348175, 'learning_rate': 2.1545603096530996e-05, 'epoch': 2.36}
{'loss': 1.1995, 'grad_norm': 0.8573287725448608, 'learning_rate': 2.1315230462840985e-05, 'epoch': 2.36}
{'loss': 1.2222, 'grad_norm': 0.9017487168312073, 'learning_rate': 2.1085949060360654e-05, 'epoch': 2.37}
{'loss': 1.1708, 'grad_norm': 0.783740758895874, 'learning_rate': 2.0857762068854226e-05, 'epoch': 2.37}
{'loss': 1.2299, 'grad_norm': 0.849058985710144, 'learning_rate': 2.0630672652908323e-05, 'epoch': 2.38}
{'loss': 1.2355, 'grad_norm': 0.9531733989715576, 'learning_rate': 2.0404683961887926e-05, 'epoch': 2.38}
{'loss': 1.1867, 'grad_norm': 0.9329882860183716, 'learning_rate': 2.0179799129892774e-05, 'epoch': 2.38}
{'loss': 1.2037, 'grad_norm': 0.910384476184845, 'learning_rate': 1.995602127571373e-05, 'epoch': 2.39}
{'loss': 1.203, 'grad_norm': 0.8752419948577881, 'learning_rate': 1.9733353502789855e-05, 'epoch': 2.39}
{'loss': 1.1822, 'grad_norm': 0.858427882194519, 'learning_rate': 1.951179889916498e-05, 'epoch': 2.39}
{'loss': 1.2413, 'grad_norm': 0.8754092454910278, 'learning_rate': 1.9291360537445156e-05, 'epoch': 2.4}
{'loss': 1.2377, 'grad_norm': 0.8857511878013611, 'learning_rate': 1.9072041474755985e-05, 'epoch': 2.4}
{'loss': 1.1967, 'grad_norm': 0.8600944876670837, 'learning_rate': 1.8853844752700056e-05, 'epoch': 2.4}
{'loss': 1.173, 'grad_norm': 0.8724710941314697, 'learning_rate': 1.863677339731511e-05, 'epoch': 2.41}
{'loss': 1.2222, 'grad_norm': 0.9412207007408142, 'learning_rate': 1.8420830419031665e-05, 'epoch': 2.41}
{'loss': 1.2197, 'grad_norm': 0.8758127093315125, 'learning_rate': 1.8206018812631552e-05, 'epoch': 2.41}
{'loss': 1.1824, 'grad_norm': 0.9532817602157593, 'learning_rate': 1.7992341557206305e-05, 'epoch': 2.42}
{'loss': 1.2486, 'grad_norm': 0.803286612033844, 'learning_rate': 1.777980161611582e-05, 'epoch': 2.42}
{'loss': 1.2083, 'grad_norm': 0.9042444229125977, 'learning_rate': 1.756840193694723e-05, 'epoch': 2.42}
{'loss': 1.241, 'grad_norm': 0.8476459383964539, 'learning_rate': 1.7358145451474116e-05, 'epoch': 2.43}
{'loss': 1.1831, 'grad_norm': 0.8165552020072937, 'learning_rate': 1.7149035075615794e-05, 'epoch': 2.43}
{'loss': 1.1993, 'grad_norm': 0.8464713096618652, 'learning_rate': 1.6941073709396882e-05, 'epoch': 2.44}
{'loss': 1.1617, 'grad_norm': 0.8918718695640564, 'learning_rate': 1.6734264236907094e-05, 'epoch': 2.44}
{'loss': 1.1506, 'grad_norm': 0.8917425870895386, 'learning_rate': 1.652860952626115e-05, 'epoch': 2.44}
{'loss': 1.1829, 'grad_norm': 0.8497510552406311, 'learning_rate': 1.6324112429559235e-05, 'epoch': 2.45}
{'loss': 1.2219, 'grad_norm': 0.9385328888893127, 'learning_rate': 1.612077578284713e-05, 'epoch': 2.45}
{'loss': 1.1975, 'grad_norm': 0.8809858560562134, 'learning_rate': 1.591860240607713e-05, 'epoch': 2.45}
{'loss': 1.2128, 'grad_norm': 0.9001113176345825, 'learning_rate': 1.571759510306885e-05, 'epoch': 2.46}
{'loss': 1.1919, 'grad_norm': 0.9201239943504333, 'learning_rate': 1.5517756661470284e-05, 'epoch': 2.46}
{'loss': 1.2305, 'grad_norm': 0.8436304926872253, 'learning_rate': 1.531908985271927e-05, 'epoch': 2.46}
{'loss': 1.1594, 'grad_norm': 0.9205173850059509, 'learning_rate': 1.5121597432004897e-05, 'epoch': 2.47}
{'loss': 1.2204, 'grad_norm': 0.9486778378486633, 'learning_rate': 1.4925282138229446e-05, 'epoch': 2.47}
{'loss': 1.2329, 'grad_norm': 0.8413344621658325, 'learning_rate': 1.4730146693970315e-05, 'epoch': 2.47}
{'loss': 1.1827, 'grad_norm': 0.8469458818435669, 'learning_rate': 1.453619380544231e-05, 'epoch': 2.48}
{'loss': 1.1935, 'grad_norm': 0.8789820075035095, 'learning_rate': 1.4343426162460016e-05, 'epoch': 2.48}
{'loss': 1.2029, 'grad_norm': 0.9391250610351562, 'learning_rate': 1.4151846438400718e-05, 'epoch': 2.49}
{'loss': 1.1857, 'grad_norm': 0.833135187625885, 'learning_rate': 1.396145729016698e-05, 'epoch': 2.49}
{'loss': 1.1809, 'grad_norm': 0.8724208474159241, 'learning_rate': 1.3772261358150196e-05, 'epoch': 2.49}
{'loss': 1.2051, 'grad_norm': 0.9015196561813354, 'learning_rate': 1.3584261266193598e-05, 'epoch': 2.5}
{'loss': 1.1951, 'grad_norm': 0.8959294557571411, 'learning_rate': 1.339745962155613e-05, 'epoch': 2.5}
{'loss': 1.2228, 'grad_norm': 0.8817150592803955, 'learning_rate': 1.3211859014876215e-05, 'epoch': 2.5}
{'loss': 1.1877, 'grad_norm': 0.8375581502914429, 'learning_rate': 1.302746202013574e-05, 'epoch': 2.51}
{'loss': 1.1877, 'grad_norm': 0.8962530493736267, 'learning_rate': 1.2844271194624469e-05, 'epoch': 2.51}
{'loss': 1.1651, 'grad_norm': 0.824813187122345, 'learning_rate': 1.2662289078904543e-05, 'epoch': 2.51}
{'loss': 1.2118, 'grad_norm': 0.8628597855567932, 'learning_rate': 1.2481518196775256e-05, 'epoch': 2.52}
{'loss': 1.2234, 'grad_norm': 0.9424771666526794, 'learning_rate': 1.2301961055237987e-05, 'epoch': 2.52}
{'loss': 1.2099, 'grad_norm': 0.8321752548217773, 'learning_rate': 1.2123620144461567e-05, 'epoch': 2.52}
{'loss': 1.1939, 'grad_norm': 0.9089792370796204, 'learning_rate': 1.1946497937747547e-05, 'epoch': 2.53}
{'loss': 1.2341, 'grad_norm': 0.9177725315093994, 'learning_rate': 1.1770596891496144e-05, 'epoch': 2.53}
{'loss': 1.2124, 'grad_norm': 0.805168092250824, 'learning_rate': 1.1595919445171944e-05, 'epoch': 2.54}
{'loss': 1.2111, 'grad_norm': 0.8605668544769287, 'learning_rate': 1.1422468021270205e-05, 'epoch': 2.54}
{'loss': 1.2291, 'grad_norm': 0.8777749538421631, 'learning_rate': 1.1250245025283247e-05, 'epoch': 2.54}
{'loss': 1.2008, 'grad_norm': 0.8223727345466614, 'learning_rate': 1.1079252845667e-05, 'epoch': 2.55}
{'loss': 1.228, 'grad_norm': 0.8666059374809265, 'learning_rate': 1.0909493853808061e-05, 'epoch': 2.55}
{'loss': 1.1776, 'grad_norm': 0.9205601811408997, 'learning_rate': 1.0740970403990603e-05, 'epoch': 2.55}
{'loss': 1.2326, 'grad_norm': 0.8541276454925537, 'learning_rate': 1.057368483336384e-05, 'epoch': 2.56}
{'loss': 1.2469, 'grad_norm': 0.82422935962677, 'learning_rate': 1.0407639461909613e-05, 'epoch': 2.56}
{'loss': 1.2075, 'grad_norm': 0.8279145359992981, 'learning_rate': 1.024283659241021e-05, 'epoch': 2.56}
{'loss': 1.2091, 'grad_norm': 0.8368622660636902, 'learning_rate': 1.0079278510416313e-05, 'epoch': 2.57}
{'loss': 1.2489, 'grad_norm': 0.8647074699401855, 'learning_rate': 9.916967484215568e-06, 'epoch': 2.57}
{'loss': 1.2497, 'grad_norm': 0.8435845971107483, 'learning_rate': 9.755905764800822e-06, 'epoch': 2.57}
{'loss': 1.2326, 'grad_norm': 0.8787704110145569, 'learning_rate': 9.596095585839104e-06, 'epoch': 2.58}
{'loss': 1.2399, 'grad_norm': 0.8351683616638184, 'learning_rate': 9.437539163640618e-06, 'epoch': 2.58}
{'loss': 1.1837, 'grad_norm': 0.9545274376869202, 'learning_rate': 9.280238697127864e-06, 'epoch': 2.58}
{'loss': 1.2088, 'grad_norm': 0.8122735619544983, 'learning_rate': 9.124196367805427e-06, 'epoch': 2.59}
{'loss': 1.2252, 'grad_norm': 0.8648913502693176, 'learning_rate': 8.969414339729398e-06, 'epoch': 2.59}
{'loss': 1.1763, 'grad_norm': 0.819504976272583, 'learning_rate': 8.815894759477616e-06, 'epoch': 2.6}
{'loss': 1.2368, 'grad_norm': 0.8009767532348633, 'learning_rate': 8.663639756119735e-06, 'epoch': 2.6}
{'loss': 1.2596, 'grad_norm': 0.9205412864685059, 'learning_rate': 8.512651441187824e-06, 'epoch': 2.6}
{'loss': 1.1664, 'grad_norm': 0.8667217493057251, 'learning_rate': 8.362931908646955e-06, 'epoch': 2.61}
{'loss': 1.22, 'grad_norm': 0.9858717322349548, 'learning_rate': 8.214483234866266e-06, 'epoch': 2.61}
{'loss': 1.2091, 'grad_norm': 0.9240759015083313, 'learning_rate': 8.067307478590125e-06, 'epoch': 2.61}
{'loss': 1.1747, 'grad_norm': 0.851257860660553, 'learning_rate': 7.921406680909583e-06, 'epoch': 2.62}
{'loss': 1.2086, 'grad_norm': 1.0013009309768677, 'learning_rate': 7.776782865234066e-06, 'epoch': 2.62}
{'loss': 1.1768, 'grad_norm': 0.7840935587882996, 'learning_rate': 7.633438037263274e-06, 'epoch': 2.62}
{'loss': 1.1881, 'grad_norm': 0.8821613788604736, 'learning_rate': 7.491374184959488e-06, 'epoch': 2.63}
{'loss': 1.1976, 'grad_norm': 0.8777089715003967, 'learning_rate': 7.350593278519824e-06, 'epoch': 2.63}
{'loss': 1.2299, 'grad_norm': 0.8592645525932312, 'learning_rate': 7.211097270349066e-06, 'epoch': 2.63}
{'loss': 1.2475, 'grad_norm': 0.9380630850791931, 'learning_rate': 7.072888095032504e-06, 'epoch': 2.64}
{'loss': 1.2121, 'grad_norm': 0.8763750791549683, 'learning_rate': 6.935967669309118e-06, 'epoch': 2.64}
{'loss': 1.2309, 'grad_norm': 0.798431396484375, 'learning_rate': 6.800337892045039e-06, 'epoch': 2.65}
{'loss': 1.2137, 'grad_norm': 0.8608326315879822, 'learning_rate': 6.666000644207115e-06, 'epoch': 2.65}
{'loss': 1.2348, 'grad_norm': 0.8665397763252258, 'learning_rate': 6.532957788836935e-06, 'epoch': 2.65}
{'loss': 1.2149, 'grad_norm': 0.8518919944763184, 'learning_rate': 6.401211171024957e-06, 'epoch': 2.66}
{'loss': 1.1932, 'grad_norm': 0.8024393320083618, 'learning_rate': 6.270762617884885e-06, 'epoch': 2.66}
{'loss': 1.2199, 'grad_norm': 0.9791944622993469, 'learning_rate': 6.141613938528323e-06, 'epoch': 2.66}
{'loss': 1.2356, 'grad_norm': 0.832685112953186, 'learning_rate': 6.0137669240398205e-06, 'epoch': 2.67}
{'loss': 1.2007, 'grad_norm': 0.878369152545929, 'learning_rate': 5.8872233474517864e-06, 'epoch': 2.67}
{'loss': 1.2027, 'grad_norm': 0.8953682780265808, 'learning_rate': 5.7619849637201904e-06, 'epoch': 2.67}
{'loss': 1.2145, 'grad_norm': 0.9207731485366821, 'learning_rate': 5.6380535096999364e-06, 'epoch': 2.68}
{'loss': 1.2248, 'grad_norm': 0.853916585445404, 'learning_rate': 5.515430704121005e-06, 'epoch': 2.68}
{'loss': 1.1753, 'grad_norm': 0.9062325358390808, 'learning_rate': 5.394118247564528e-06, 'epoch': 2.68}
{'loss': 1.2025, 'grad_norm': 0.8380065560340881, 'learning_rate': 5.27411782243914e-06, 'epoch': 2.69}
{'loss': 1.2183, 'grad_norm': 0.8837059140205383, 'learning_rate': 5.155431092957752e-06, 'epoch': 2.69}
{'loss': 1.2286, 'grad_norm': 0.852573573589325, 'learning_rate': 5.038059705114439e-06, 'epoch': 2.7}
{'loss': 1.217, 'grad_norm': 0.84583979845047, 'learning_rate': 4.922005286661591e-06, 'epoch': 2.7}
{'loss': 1.2053, 'grad_norm': 0.869013786315918, 'learning_rate': 4.807269447087348e-06, 'epoch': 2.7}
{'loss': 1.2436, 'grad_norm': 0.8405483961105347, 'learning_rate': 4.693853777593283e-06, 'epoch': 2.71}
{'loss': 1.199, 'grad_norm': 0.8393599987030029, 'learning_rate': 4.5817598510723096e-06, 'epoch': 2.71}
{'loss': 1.2164, 'grad_norm': 0.9454699158668518, 'learning_rate': 4.470989222086952e-06, 'epoch': 2.71}
{'loss': 1.2088, 'grad_norm': 0.8407906889915466, 'learning_rate': 4.361543426847669e-06, 'epoch': 2.72}
{'loss': 1.2133, 'grad_norm': 0.8476170897483826, 'learning_rate': 4.2534239831916176e-06, 'epoch': 2.72}
{'loss': 1.1995, 'grad_norm': 0.8464752435684204, 'learning_rate': 4.146632390561622e-06, 'epoch': 2.72}
{'loss': 1.1739, 'grad_norm': 0.825573742389679, 'learning_rate': 4.041170129985294e-06, 'epoch': 2.73}
{'loss': 1.1996, 'grad_norm': 0.8578113317489624, 'learning_rate': 3.937038664054604e-06, 'epoch': 2.73}
{'loss': 1.1754, 'grad_norm': 0.8081514835357666, 'learning_rate': 3.834239436905518e-06, 'epoch': 2.73}
{'loss': 1.2052, 'grad_norm': 0.8685035705566406, 'learning_rate': 3.73277387419797e-06, 'epoch': 2.74}
{'loss': 1.2442, 'grad_norm': 0.8121432662010193, 'learning_rate': 3.632643383096157e-06, 'epoch': 2.74}
{'loss': 1.2069, 'grad_norm': 0.9569094181060791, 'learning_rate': 3.5338493522489525e-06, 'epoch': 2.74}
{'loss': 1.2442, 'grad_norm': 0.8780005574226379, 'learning_rate': 3.436393151770645e-06, 'epoch': 2.75}
{'loss': 1.1882, 'grad_norm': 0.8088435530662537, 'learning_rate': 3.3402761332220642e-06, 'epoch': 2.75}
{'loss': 1.2323, 'grad_norm': 0.9328481554985046, 'learning_rate': 3.245499629591631e-06, 'epoch': 2.76}
{'loss': 1.2604, 'grad_norm': 0.960442841053009, 'learning_rate': 3.1520649552770343e-06, 'epoch': 2.76}
{'loss': 1.2233, 'grad_norm': 0.8240208029747009, 'learning_rate': 3.059973406066963e-06, 'epoch': 2.76}
{'loss': 1.2244, 'grad_norm': 0.7864371538162231, 'learning_rate': 2.96922625912307e-06, 'epoch': 2.77}
{'loss': 1.1897, 'grad_norm': 0.8354703783988953, 'learning_rate': 2.8798247729623806e-06, 'epoch': 2.77}
{'loss': 1.2027, 'grad_norm': 0.8458895087242126, 'learning_rate': 2.7917701874396906e-06, 'epoch': 2.77}
{'loss': 1.22, 'grad_norm': 0.9062487483024597, 'learning_rate': 2.7050637237304943e-06, 'epoch': 2.78}
{'loss': 1.161, 'grad_norm': 0.8882743120193481, 'learning_rate': 2.619706584314019e-06, 'epoch': 2.78}
{'loss': 1.1935, 'grad_norm': 0.9764747619628906, 'learning_rate': 2.535699952956505e-06, 'epoch': 2.78}
{'loss': 1.2257, 'grad_norm': 0.8374572396278381, 'learning_rate': 2.4530449946948084e-06, 'epoch': 2.79}
{'loss': 1.1973, 'grad_norm': 0.8557885885238647, 'learning_rate': 2.3717428558202915e-06, 'epoch': 2.79}
{'loss': 1.2299, 'grad_norm': 0.9503677487373352, 'learning_rate': 2.2917946638628674e-06, 'epoch': 2.79}
{'loss': 1.2135, 'grad_norm': 0.8936134576797485, 'learning_rate': 2.2132015275753704e-06, 'epoch': 2.8}
{'loss': 1.1639, 'grad_norm': 0.8496440052986145, 'learning_rate': 2.1359645369182223e-06, 'epoch': 2.8}
{'loss': 1.2069, 'grad_norm': 0.8508651256561279, 'learning_rate': 2.0600847630442345e-06, 'epoch': 2.81}
{'loss': 1.17, 'grad_norm': 0.8353723883628845, 'learning_rate': 1.9855632582838844e-06, 'epoch': 2.81}
{'loss': 1.2454, 'grad_norm': 0.7957684397697449, 'learning_rate': 1.912401056130564e-06, 'epoch': 2.81}
{'loss': 1.23, 'grad_norm': 0.801398515701294, 'learning_rate': 1.8405991712263537e-06, 'epoch': 2.82}
{'loss': 1.1966, 'grad_norm': 0.8914647102355957, 'learning_rate': 1.7701585993479375e-06, 'epoch': 2.82}
{'loss': 1.1964, 'grad_norm': 0.9017918109893799, 'learning_rate': 1.7010803173927448e-06, 'epoch': 2.82}
{'loss': 1.2078, 'grad_norm': 0.9103718996047974, 'learning_rate': 1.6333652833654844e-06, 'epoch': 2.83}
{'loss': 1.2407, 'grad_norm': 0.8308197855949402, 'learning_rate': 1.5670144363647333e-06, 'epoch': 2.83}
{'loss': 1.2383, 'grad_norm': 0.8933982253074646, 'learning_rate': 1.5020286965700569e-06, 'epoch': 2.83}
{'loss': 1.2059, 'grad_norm': 0.9604512453079224, 'learning_rate': 1.4384089652291543e-06, 'epoch': 2.84}
{'loss': 1.269, 'grad_norm': 0.8842253088951111, 'learning_rate': 1.376156124645378e-06, 'epoch': 2.84}
{'loss': 1.183, 'grad_norm': 0.8555748462677002, 'learning_rate': 1.3152710381654998e-06, 'epoch': 2.84}
{'loss': 1.2533, 'grad_norm': 0.945958137512207, 'learning_rate': 1.2557545501677758e-06, 'epoch': 2.85}
{'loss': 1.2139, 'grad_norm': 0.9253076910972595, 'learning_rate': 1.1976074860501452e-06, 'epoch': 2.85}
{'loss': 1.2162, 'grad_norm': 0.8570953011512756, 'learning_rate': 1.140830652218916e-06, 'epoch': 2.86}
{'loss': 1.1995, 'grad_norm': 0.9003967046737671, 'learning_rate': 1.08542483607742e-06, 'epoch': 2.86}
{'loss': 1.2347, 'grad_norm': 0.8505172729492188, 'learning_rate': 1.0313908060152422e-06, 'epoch': 2.86}
{'loss': 1.2015, 'grad_norm': 0.9076763391494751, 'learning_rate': 9.78729311397486e-07, 'epoch': 2.87}
{'loss': 1.1951, 'grad_norm': 0.8835349082946777, 'learning_rate': 9.2744108255437e-07, 'epoch': 2.87}
{'loss': 1.182, 'grad_norm': 0.9009134769439697, 'learning_rate': 8.775268307711582e-07, 'epoch': 2.87}
{'loss': 1.138, 'grad_norm': 0.7898644804954529, 'learning_rate': 8.289872482782457e-07, 'epoch': 2.88}
{'loss': 1.2161, 'grad_norm': 0.9377695322036743, 'learning_rate': 7.818230082415778e-07, 'epoch': 2.88}
{'loss': 1.1831, 'grad_norm': 0.8420706987380981, 'learning_rate': 7.360347647533128e-07, 'epoch': 2.88}
{'loss': 1.2351, 'grad_norm': 0.8236595392227173, 'learning_rate': 6.916231528227513e-07, 'epoch': 2.89}
{'loss': 1.1731, 'grad_norm': 0.9054595232009888, 'learning_rate': 6.485887883675213e-07, 'epoch': 2.89}
{'loss': 1.194, 'grad_norm': 0.8841705918312073, 'learning_rate': 6.069322682050516e-07, 'epoch': 2.89}
{'loss': 1.2324, 'grad_norm': 0.9144039750099182, 'learning_rate': 5.666541700442895e-07, 'epoch': 2.9}
{'loss': 1.162, 'grad_norm': 0.9706276655197144, 'learning_rate': 5.277550524776631e-07, 'epoch': 2.9}
{'loss': 1.1887, 'grad_norm': 0.8822143077850342, 'learning_rate': 4.902354549733978e-07, 'epoch': 2.9}
{'loss': 1.2092, 'grad_norm': 1.0075935125350952, 'learning_rate': 4.540958978679566e-07, 'epoch': 2.91}
{'loss': 1.2023, 'grad_norm': 0.8566990494728088, 'learning_rate': 4.193368823588673e-07, 'epoch': 2.91}
{'loss': 1.1874, 'grad_norm': 0.8736799359321594, 'learning_rate': 3.85958890497784e-07, 'epoch': 2.92}
{'loss': 1.241, 'grad_norm': 0.8198323845863342, 'learning_rate': 3.539623851837814e-07, 'epoch': 2.92}
{'loss': 1.2352, 'grad_norm': 0.8693900108337402, 'learning_rate': 3.233478101569154e-07, 'epoch': 2.92}
{'loss': 1.1764, 'grad_norm': 0.8529300093650818, 'learning_rate': 2.9411558999211664e-07, 'epoch': 2.93}
{'loss': 1.2282, 'grad_norm': 0.8977434039115906, 'learning_rate': 2.662661300932623e-07, 'epoch': 2.93}
{'loss': 1.1713, 'grad_norm': 0.8258596658706665, 'learning_rate': 2.3979981668756924e-07, 'epoch': 2.93}
{'loss': 1.2186, 'grad_norm': 0.8319951891899109, 'learning_rate': 2.147170168202428e-07, 'epoch': 2.94}
{'loss': 1.1759, 'grad_norm': 0.8429473638534546, 'learning_rate': 1.910180783493809e-07, 'epoch': 2.94}
{'loss': 1.2166, 'grad_norm': 0.8600558042526245, 'learning_rate': 1.6870332994114445e-07, 'epoch': 2.94}
{'loss': 1.1822, 'grad_norm': 0.9079992771148682, 'learning_rate': 1.477730810652056e-07, 'epoch': 2.95}
{'loss': 1.1805, 'grad_norm': 0.8469899892807007, 'learning_rate': 1.2822762199046212e-07, 'epoch': 2.95}
{'loss': 1.2144, 'grad_norm': 0.8274558782577515, 'learning_rate': 1.1006722378098521e-07, 'epoch': 2.95}
{'loss': 1.2265, 'grad_norm': 0.8498311638832092, 'learning_rate': 9.329213829230021e-08, 'epoch': 2.96}
{'loss': 1.2469, 'grad_norm': 0.8274794816970825, 'learning_rate': 7.790259816786716e-08, 'epoch': 2.96}
{'loss': 1.1738, 'grad_norm': 0.8355721831321716, 'learning_rate': 6.389881683585009e-08, 'epoch': 2.97}
{'loss': 1.2078, 'grad_norm': 0.8855905532836914, 'learning_rate': 5.128098850617491e-08, 'epoch': 2.97}
{'loss': 1.2002, 'grad_norm': 0.9112107157707214, 'learning_rate': 4.0049288167842705e-08, 'epoch': 2.97}
{'loss': 1.2312, 'grad_norm': 0.8001852035522461, 'learning_rate': 3.020387158645388e-08, 'epoch': 2.98}
{'loss': 1.1436, 'grad_norm': 0.8754698634147644, 'learning_rate': 2.1744875302109892e-08, 'epoch': 2.98}
{'loss': 1.204, 'grad_norm': 0.8240111470222473, 'learning_rate': 1.4672416627481423e-08, 'epoch': 2.98}
{'loss': 1.1817, 'grad_norm': 0.8422225713729858, 'learning_rate': 8.986593646209685e-09, 'epoch': 2.99}
{'loss': 1.2417, 'grad_norm': 0.9851899743080139, 'learning_rate': 4.687485211507525e-09, 'epoch': 2.99}
{'loss': 1.217, 'grad_norm': 0.8838977813720703, 'learning_rate': 1.7751509450825154e-09, 'epoch': 2.99}
{'loss': 1.2054, 'grad_norm': 0.9026745557785034, 'learning_rate': 2.496312363486908e-10, 'epoch': 3.0}
{'eval_loss': 1.26829195022583, 'eval_runtime': 103.2725, 'eval_samples_per_second': 24.208, 'eval_steps_per_second': 3.031, 'epoch': 3.0}
{'train_runtime': 16218.9059, 'train_samples_per_second': 8.324, 'train_steps_per_second': 0.52, 'train_loss': 1.2900667147028215, 'epoch': 3.0}
!!! training complete: ablation_outputs/gemma-2b-recipe-adapter-r64 !!!

========== EVAL rank=64 ==========
[qlora_r64] evaluating on 200 examples...
  25/200
  50/200
  75/200
  100/200
  125/200
  150/200
  175/200
  200/200
[qlora_r64] ROUGE-1=0.4689 ROUGE-2=0.1632 ROUGE-L=0.3199 mean_len=79.1

Done. See results in ablation_outputs/results/evaluation_scores.csv
!!!! ==== Ablation study finished. ==== !!!!
